ABAVIJ_clean, 1320.38
ABAVOP_clean, 1285.81
ABEXIQ_clean, 2602.59
ABEXOW_clean, 2572.73
ABEXUC_clean, 2546.99
ABEYAJ_clean, 2511.78
ABEYIR, 2477.63
ABIYIV, 4703.28
ABUWOJ_clean, 4518.16
ACAKUM, 2226.95
ACALIB_clean, 2087.56
ACODED, 5539.83
ACOLIP_clean, 1527.86
ACOLUB_clean, 4644.21
ACUBAB_clean, 1622.68
ACUTOI_clean, 3357.19
ADABAK, 2225.78
ADABAK01_clean, 1105.82
ADABIS_clean, 1103.94
ADABUE_clean, 1244.47
ADAXEK_clean, 833.647
ADEGIA_clean, 839.092
ADIQEL_clean, 953.188
ADOBAX, 4446.68
ADOBOL_clean, 4259.51
AFITIT_clean, 4269.85
AFIXAO_clean, 5713.78
AFOQUI_clean, 2076.4
AFOTUL_clean, 1600.49
AFOVAT_clean, 1593.02
AFOVIB_clean, 1570.05
AFOVOH_clean, 1598.69
AFOYOK_clean, 2508.04
AFUPEX_clean, 1801.62
AGARUW_clean, 2421.47
AGAXOV_clean, 3499.87
AGESIP_clean, 659.382
AGUWUV_clean, 791.15
AHINIP_clean, 3044.76
AHOKIR01_clean, 293.967
AHUTIH01_clean, 1065.46
AHUTIH_clean, 1066.59
AJAYIT_clean, 2195.74
AKUHOD01_clean, 920.135
ALAMUW_clean, 5115.55
ALIXOJ_clean, 3224.33
ALIXUP_clean, 2802.92
ALUJIB_clean, 5415.53
ALUJOH_clean, 5496.43
ALUJUN_clean, 830.874
ALUKAU_clean, 821.132
ALUKIC_clean, 6355.56
ALULAV_clean, 6290.14
ALULID_clean, 3876.16
AMAFOK_clean, 1033.81
AMALND_clean, 2083.98
AMIKOX_clean, 2479.63
AMILUE_clean, 4728.39
AMIMEP_clean, 4711.05
AMIWOJ_clean, 2068.07
AMIXAW_clean, 2034.19
AMIXEA_clean, 2020.73
AMOZAE_clean, 1346.45
AMUCOB_clean, 1064.12
AMUXAI_clean, 3142.46
ANENEN_clean, 1569.11
ANENIR_clean, 1576.71
ANOMUM_clean, 2858.11
ANUGIA_clean, 5310.8
ANUGUM_clean, 3183.59
APEBED_clean, 1894.1
AQALOU_clean, 2286.8
AQETIA_clean, 2256.4
AQETUM_clean, 1900.49
AQMAND01_clean, 946.695
AQMAND_clean, 949.28
AQODOA_clean, 1390.1
AQUCOF_clean, 3176.23
AQUDAS_clean, 3184.19
ARIBOS_clean, 1893.46
AROFAP_clean, 3565.41
AROFET_clean, 3248.15
ARUYES, 2516.6
ASACON_clean, 2964.91
ASADAA_clean, 2830.39
ASALIP_clean, 1021.06
ATAFIK_clean, 4164.32
ATIBAG_clean, 1752.61
ATIBIO_clean, 1783.5
ATIBOU01_clean, 1813.75
ATIBOU_clean, 1737.42
ATIBUA_clean, 1723.82
ATICAH_clean, 1810.98
ATICEL_clean, 1794.35
ATIJUJ_manual, 3081.95
ATOTIM_manual, 2671.76
ATOWIQ_clean, 2134.77
ATOWOW_clean, 2137.86
ATOXEN_clean, 1612.66
AVAQIX_clean, 3624.44
AVELOD_clean, 4831.16
AVEMAQ_clean, 4802.56
AVEMOE_clean, 1190.48
AVEROJ_clean, 1267.26
AVESAW_clean, 2329.23
AVIMOI_clean, 3625.33
AVIMUO_clean, 3470.23
AVIPAX_clean, 3915.97
AVUDAX_clean, 4911.08
AWAGEL_clean, 3726.3
AWEJIW_clean, 2937.46
AWOFOI_clean, 1748.47
AXOCEW_clean, 2693.08
AXUBAW_manual, 4200.96
AXUHIL_clean, 6654.39
AYUWUM_clean, 2607.12
AZIXUD_clean, 3024.67
AZOBUN_clean, 1461.34
BACMOH_clean, 1152.77
BAEDTA01_clean, 3490.01
BAHGUN01_clean, 676.349
BAHGUN04_clean, 687.988
BAHGUN_clean, 684.228
BAHMAZ_clean, 3631.47
BAKGAX_clean, 2205.21
BAKGIF_clean, 1244.46
BENXOJ, 2928.2
BAKJEE_clean, 4338.61
BAKJII_clean, 2078.04
BALMUW01_clean, 441.708
BALMUW_clean, 451.382
BANMAG_clean, 3039.96
BARZAW_clean, 4825.13
BARZOK_clean, 4883.12
BARZUR_clean, 2657.42
BASJUB_clean, 4425.27
BASSOF_clean, 3798.92
BASSUL_clean, 3807.27
BASTAS_clean, 3855.39
BASTEW_clean, 3885.33
BASTUM_clean, 3834.53
BAWRUO_clean, 3585.95
BAXSIE_clean, 1937.63
BAZJIX_clean, 5843.52
BEGBOG_clean, 1361.91
BEKSAM_clean, 871.475
BEKZEX01_clean, 1527.39
BEKZEX_clean, 1528.57
BELYIC_clean, 1472.75
BENXUP_clean, 1439.42
BEPLUF_clean, 2762.08
BEPMAM_clean, 2725.87
BEPMEQ_clean, 2755.23
BEPMIU_clean, 2731.41
BEPNIV_clean, 2716.47
BEPNOB_clean, 2725.87
BEPNUH_clean, 2773.47
BEPPAP_clean, 2704.32
BEPPIX_clean, 2742.63
BEPPOD_clean, 2816.98
BEPRIZ_clean, 4973.54
BEPROF_clean, 6256.2
BEPVAV_clean, 1370.45
BEPVEZ_clean, 1475.62
BEPVID_clean, 1434.83
BEPVOJ01_clean, 1409.92
BEPVOJ_clean, 1386.93
BEPYIG_clean, 1294.61
BERFIP_clean, 1041.11
BERGAI_clean, 4090.96
BETDAH_clean, 2707.92
BETDEL_clean, 2690.48
BETFAJ_clean, 2753.51
BETFEN_clean, 2778.19
BETFUD_clean, 2814.19
BETGAK_clean, 2810.39
BEVQUP_clean, 600.535
BEXPAX_clean, 2187.42
BEXSAA_clean, 2653.7
BEXTUV_clean, 1313.33
BEYSEF_clean, 2996.56
BEZSIK_clean, 1145.41
BIBBUL_clean, 2645.43
BIBXUH_clean, 4087.19
BICDAU_clean, 5236.58
BIFKEI_clean, 2681.39
BIHMUC_clean, 1495.4
BIMDEF_clean, 1040.4
BIMDIL_clean, 1035.49
BIVXEK_clean, 1037.65
BIWYAH10_clean, 3148.39
BIYTEJ, 2009.55
BOHGOU_clean, 384.948
BOJCIN_clean, 5589.72
BOLPEY_clean, 4112.6
BOMCUB_clean, 800.116
BONMEX_clean, 3415.83
BONNIC_clean, 1113.87
BONWAD_clean, 1297.81
BONWIL_clean, 2106.37
BORBEQ_clean, 3946.66
BOWQAG_clean, 1968.16
BUDDIO_clean, 792.092
BUGSAY_clean, 1509.9
BUGSIG_clean, 1530.34
BUKMUQ_clean, 1798.16
BURJOO_clean, 2364.33
BUSGIG_clean, 1676.89
BUSGOM_clean, 1710.66
BUSQEM_clean, 2162.69
BUSQUC_clean, 1804.25
BUVXOG_clean, 1966.43
BUVYEX_clean, 4113.89
BUVYIB_clean, 3550.0
BUWGAC_clean, 1421.08
BUWGEG_clean, 1735.16
CADPII_clean, 1819.08
CADQAB_clean, 1295.35
CADQOP_clean, 1308.97
CAHLEE_clean, 3102.55
CAHNEF_clean, 2348.41
CAHSOU_clean, 2953.05
CAKFEB_clean, 3086.42
CAKXET_clean, 1231.57
CAKXOD_clean, 1216.1
CAKYAQ_clean, 1208.4
CAKYEU_clean, 1200.29
CAKYIY_clean, 1192.02
CANRIU_clean, 4201.44
CANRUG_clean, 4277.38
CATART03_clean, 937.311
CAVSOJ_clean, 1264.65
CAVSUP_clean, 1452.71
CAVTAW_clean, 1294.95
CAWDOU02_clean, 3756.83
CAWGAJ_clean, 3546.69
CAWVIH_clean, 4017.38
CAXPEY_clean, 1143.36
CAXPIC_clean, 1114.35
CAXVII_clean, 1355.29
CAXVOO_clean, 1359.2
CAXVUU_clean, 1327.89
CAXWAB_clean, 1330.34
CAXWEF_clean, 1330.98
CAXWIJ_clean, 1332.73
CAXXEG_clean, 5186.61
CAYBAH, 2662.58
CAYBAH01, 5305.9
CAYDEN_clean, 1196.22
CAYDIR_clean, 1206.29
CAYDOX06_clean, 1224.23
CAYGIU, 1213.29
CAYKEU_clean, 2754.58
CAYMIZ_clean, 2326.38
CAYSOK_clean, 2894.36
CAZFOA_clean, 1127.8
CAZGIT_clean, 4521.65
Cd3BTB2, 2065.01
CDLGLU01_clean, 903.967
CDLGLU02_clean, 896.739
CDLGLU10_clean, 912.731
CDLGLU11_clean, 912.731
CDLGLU12_clean, 907.209
CEBDOD_clean, 1124.71
CECVIQ_clean, 1067.1
CECVOW_clean, 1064.67
CEDFIC_clean, 2576.1
CEFLEF_clean, 3188.63
CEGDUO_clean, 2617.18
CEGFAW_clean, 2721.5
CEGWER_clean, 1401.33
CEHKUW_clean, 5630.36
CEHPIP_clean, 1517.35
CEHWIX_clean, 928.9
CEHWOD_clean, 882.191
CEHZAR01_clean, 443.239
CEHZAR_clean, 443.239
CEJBEA_clean, 3682.53
CEKHIL_clean, 3281.26
CELZEA_clean, 925.047
CELZIE_clean, 2411.43
CELZOK, 4702.55
CENKAJ_clean, 4097.67
CENPUI_clean, 2122.64
CERMIV_clean, 1327.74
CESYEF01_clean, 668.633
CESYEF_clean, 685.439
CETFOX_clean, 1758.85
CETFUD_clean, 928.135
CETVAA_clean, 1575.18
CEYPUT_clean, 834.309
CEZMUR, 3012.56
CEZNAY_clean, 1509.87
CICYIX_clean, 237.795
CIDKUX_clean, 3146.15
CIFDOM_clean, 2736.03
CIFDUS_clean, 2730.01
CIFJAE_clean, 1240.37
CIFMEL_clean, 3145.38
CIGDUT_clean, 3261.07
CIGFEF_clean, 1696.29
CIGYAU_clean, 1939.4
CIJVOH01_clean, 1736.4
CIJVOH_clean, 1716.21
CILDAD_clean, 1626.88
CISMAT01_clean, 639.145
CITXUZ_clean, 3054.8
CITZIP_clean, 1255.01
CIVTEH_clean, 2917.24
CIWYUD_clean, 1267.65
Co-DOBDC, 1316.39
Co26NDP, 3240.22
CODFEH_clean, 834.396
CODROD_clean, 1051.43
CODRUJ_clean, 1044.08
COF-1, 1421.76
COF-300, 3512.21
COF-5, 2656.66
COGWEB_clean, 3888.72
COJHIT_clean, 2458.09
COMDOY_clean, 678.991
COMGUH_clean, 1864.81
COWMAD_clean, 2040.37
COWMIL_clean, 2028.21
COWMOR_clean, 2026.46
COWMUX_clean, 2014.43
COWXOC_clean, 4747.58
COXQUB_clean, 1404.63
COXXIX_clean, 1904.15
COYCEZ_clean, 4740.23
COYCID_clean, 5651.74
COYTEQ_clean, 1739.18
COYTIU_clean, 1736.43
COYTOA_clean, 1692.97
COYVAO01_clean, 2821.97
COYVAO_clean, 2821.97
COYVES01_clean, 2809.2
COYVES_clean, 2809.2
CUCSAU_clean, 2860.15
CUGLTM01_clean, 822.786
CUGLTM02_clean, 824.586
CUGLTM_clean, 830.339
CUHPUR_clean, 3220.82
CUIMDZ01_clean_h, 1181.08
CUKVUA_clean, 1786.18
CUKYAJ_clean, 1588.96
CUMDIY_clean, 676.9
CUMDOE_clean, 1719.56
CUNFOH01_clean, 2814.3
CUNFOH_clean, 2833.53
CUNWEO_clean, 3488.98
CUNXIS10_clean, 1331.49
CUNXIS_clean, 1331.49
CUTKOS_clean, 3372.95
CUVGIK_clean, 594.912
CUVGOQ_clean, 651.726
CUVTUJ_clean, 1321.85
CUVXAT_clean, 5304.56
CUYHIO_clean, 2224.32
CUYQIX_clean, 1368.23
CUYRUK_clean, 2780.73
CUYVOI_clean, 3343.05
CUYWUP_clean, 5210.47
CUYYAX_clean, 2224.85
CUYYEB_clean, 2223.1
DABWUA_clean, 2762.88
DACXUB_clean, 1494.98
DACYAI_clean, 1527.54
DAGDIZ_clean, 3073.58
DAGDUL_clean, 4004.65
DAHTIQ_clean, 5823.4
DAJHOM_manual, 2788.84
DAJHUS_clean, 1845.29
DALCEZ, 4579.75
DANZOJ_neutral, 4703.89
DAPBIH_neutral, 4615.24
DARCOQ_clean, 3423.63
DARCUW_clean, 3345.14
DARDAD_clean, 3361.45
DARDEH_clean, 3503.13
DARDOR_clean, 3434.18
DARFAF_clean, 3464.95
DARFEJ_clean, 3382.5
DARFIN_clean, 3370.38
DARFOT_clean, 3356.6
DATHAJ_clean, 3690.78
DAVYEG_clean, 2356.71
DAWBIO_clean, 1333.96
DAWBOU_clean, 1333.31
DAWBUA_clean, 1396.51
DAWCAH_clean, 1378.52
DAWCOV_clean, 3098.95
DAWDAI_clean, 2907.39
DAWWEF_clean, 3975.64
DAWWIJ_clean, 2880.12
DAXGUG_clean, 973.018
DAXHIV01_clean, 1677.55
DAXHIV_clean, 1679.41
DAXHUH01_clean, 1663.98
DAXHUH_clean, 1690.0
DAXKOE_clean, 1015.37
DAXNOG_clean, 598.654
DAYYIN_clean, 5723.76
DEBGIA_clean, 3015.47
DEBNUU_clean, 808.515
DEFKUU_clean, 956.264
DEGJIK_clean, 877.803
DEHBIC_clean, 569.225
DEHLAF_clean, 5462.56
DEJCEB_clean, 5590.16
DEJCIF_clean, 1106.15
DEJROB, 4628.53
DEJRUH_clean, 2178.89
DEKHEH_clean, 1449.65
DEKHUX_clean, 1266.8
DENKOX_clean, 1802.84
DEPXAY_clean, 5722.87
DEPXIG_clean, 3599.35
DEQFOU_clean, 1786.22
DEQVIF_clean, 2624.77
DEYDOA_clean, 511.504
DEYJIC_clean, 1112.28
DEYJOI_clean, 1129.67
DEYLUQ_clean, 3560.8
DEYVUA_clean, 4237.48
DEYXIQ_clean, 2698.07
DEZKAW_clean, 3879.3
DEZKEA_clean, 4905.43
DIBXAO_clean, 2940.68
DIBXAP_clean, 1113.13
DIBXOD_clean, 1123.18
DICVAO_clean, 3565.61
DICVES_clean, 3580.65
DIDBEZ_clean, 6510.8
DIDDOK_clean, 5213.21
DIMQOH_clean, 1261.93
DIXKOL_clean, 1270.77
DIZQOT_clean, 4991.36
DOCKOW_clean, 3079.58
DODHUA_clean, 1171.82
DOGZIJ_clean, 1036.08
DOKHOB_clean, 2547.95
DOLXOR01_clean, 1452.94
DOLXOR02_clean, 1458.51
DOLXOR_clean, 1448.36
DONNAW01_clean, 715.001
DOQGUM_clean, 979.771
DOQHAT_clean, 973.316
DOQHEX_clean, 965.818
DOQHIB_clean, 958.632
DOQHOH_clean, 947.514
DOQRUW_clean, 1823.94
DORDUK, 2486.71
DORFOG_clean, 808.357
DOTSOV02_clean, 4527.86
DOTSOV03_clean, 4529.25
DOTSOV04_clean, 4530.12
DOTSOV05_clean, 4531.37
DOTSOV06_clean, 4532.39
DOTSOV07_clean, 4532.91
DOTSOV08_clean, 4534.88
DOTSOV09_clean, 4535.25
DOTSOV10_clean, 4535.98
DOTSOV11_clean, 4536.79
DOTSOV12_clean, 4538.69
DOTSOV13_clean, 4539.5
DOTSOV14_clean, 4538.47
DOTSOV15_clean, 4538.69
DOTSOV16_clean, 4538.76
DOTSOV18_clean, 4536.05
DOTSOV19_clean, 4534.66
DOTSOV20_clean, 4534.0
DOTSOV21_clean, 4532.61
DOTSOV22_clean, 4533.49
DOTSOV23_clean, 4532.54
DOTSOV24_clean, 4531.22
DOTSOV25_clean, 4529.47
DOTSOV26_clean, 4528.88
DOTSOV27_clean, 4527.42
DOTSOV28_clean, 4527.12
DOTSOV29_clean, 4533.49
DOTSOV30_clean, 4522.67
DOTSOV31_clean, 4522.3
DOTSOV32_clean, 4518.06
DOTSOV33_clean, 4519.89
DOTSOV34_clean, 4516.53
DOTSOV35_clean, 4518.06
DOTSOV37_clean, 4520.91
DOTSOV38_clean, 4520.25
DOTSOV40_clean, 4519.16
DOTSOV41_clean, 4520.62
DOTSOV42_clean, 4541.62
DOTTUC_clean, 2541.93
DOTWAL_clean, 1372.0
DOYLIM_clean, 1005.74
DUBWON_clean, 1851.94
DUCGEO_clean, 3703.03
DUCHEP_clean, 2109.19
DUFGOB_clean, 4086.88
DUQCAU01_clean, 824.949
DUQCAU_clean, 822.953
DUQSEO_clean, 763.897
DUXKUD_clean, 1792.79
DUXMAL_clean, 3887.73
DUXZIG01_clean, 723.802
EBANAY_clean, 797.857
EBATUY_clean, 1750.88
EBELUU_clean, 1298.52
EBEMEE_clean, 1908.61
EBEMEF_clean, 614.204
EBEMII_clean, 1937.12
EBEMOO, 3860.56
EBEWIT_clean, 1557.03
EBEWOZ01_clean, 1486.94
EBEWOZ_clean, 1485.6
EBEXAM_clean, 1605.7
EBEXEQ01_clean, 1502.62
EBEXEQ_clean, 1495.68
EBIHII_clean, 2989.25
EBIPIQ_clean, 1153.41
EBOTOF_clean, 1135.07
ECAHAT_clean, 3160.16
ECASAD_clean, 982.399
ECASOS_clean, 1356.3
ECEZAO01_clean, 635.357
ECEZAO_clean, 640.255
ECIWUJ_clean, 684.551
ECODEG_clean, 3513.3
ECODIK_clean, 2144.08
ECOLEP_clean, 6476.46
ECOROD_clean, 682.426
ECOSIY_clean, 1214.01
ECOTOG_clean, 1294.19
ECUCUB_clean, 672.428
ECUDAI_clean, 886.942
ECUDEM_clean, 878.807
ECUDIR_clean, 1585.18
ECUDOX_clean, 1586.77
ECUTON_clean, 1967.27
EDABOC_clean, 796.473
EDADET_clean, 1083.19
EDADIX_clean, 1642.9
EDAFUM_clean, 1674.2
EDAGAT_clean, 1608.33
EDAGEX_clean, 1654.22
EDOMAM_clean, 3132.03
EDUSIF_clean, 4309.39
EFOSUO_clean, 4873.23
EFOTAV_clean, 4979.04
EFOTEZ_clean, 4999.82
EFOTID_clean, 5303.74
EGATOW_clean, 4117.17
EGEJIK_manual, 4871.13
EGELUY01_clean, 732.372
EGELUY_clean, 1454.36
EHALOP_clean, 734.462
EHUCOA_clean, 3547.93
EJEFOP_clean, 1849.8
EJIDUW01_clean, 768.105
EJIDUW02_clean, 778.027
EJONOH_clean, 809.464
EKEQIV_clean, 2636.78
EKOPIE_clean, 4043.98
EKOPOK_clean, 2735.5
EKOPUQ_clean, 3913.4
ELAFUT_clean, 1455.62
ELIJOZ_clean, 984.175
ELIJUF_clean, 947.644
ELIKAM_clean, 976.449
ELIKEQ_clean, 974.109
ELIKIU_clean, 964.413
ELIKUG_clean, 959.652
ELILAN_clean, 951.371
ELILER_clean, 946.382
ELILIV_clean, 945.982
EMANAH_clean, 2402.73
EMICUZ_clean, 1810.31
EMITUQ_clean, 6076.17
EMIVAY, 3171.21
EMIYEF_clean, 1043.61
EMOSOP_clean, 2581.69
EPEWAY01_clean, 3206.61
EPEWEC_clean, 3228.8
EPOXAJ_clean, 1110.58
EPUJIJ_clean, 2101.8
EQIWAD_clean, 1067.47
EQOCES_clean, 1109.24
EQOCIW_clean, 1090.15
ERUFUS_clean, 1031.92
ESEQUO_clean, 1119.69
ESEVIH_clean, 3109.42
ESIPUR_clean, 2666.06
ESUMOU01_clean, 750.402
ESUMOU_clean, 777.508
ETEJIX01_clean, 1314.98
ETEJIX_clean, 1355.41
ETEJOD01_clean, 1316.45
ETEJUJ_clean, 1327.53
ETEKAQ01_clean, 1279.83
ETEKAQ_clean, 1323.41
ETEKEU_clean, 1318.17
EVOMOR01_clean, 1819.94
EVUNEP_clean, 1896.63
EVUQOC_clean, 998.337
EVUQUI_clean, 991.603
EVURAP_clean, 1003.49
EWESIJ_clean, 5880.92
EWUCOP_clean, 1722.34
EXEQII_clean, 1458.47
EXEWAG_clean, 2612.45
EXIBUI_clean, 795.339
EXOTUH, 3946.16
EXOZEX_clean, 1208.22
EYOPUE, 2857.24
EYOQAL, 2682.59
EYOQEP, 5945.71
EYULOA_clean, 5690.31
EYUWAW_clean_h, 6974.01
EZABEN_clean, 1189.0
EZUCIM_clean, 2501.28
FABFOF_clean, 973.996
FAFDEX_clean, 581.243
FAFGAU_clean, 1197.3
FAFJIH_clean, 2442.23
FAFMAC_clean, 2094.85
FAGFUQ_clean, 2768.63
FAGREM_clean, 3217.67
FAHFUR_clean, 3664.25
FAKGOP_clean, 2456.73
FAKLIO_clean, 1592.32
FAKLOU_clean, 1580.78
FAKMAH_clean, 3169.89
FALQEQ_clean, 1204.27
FALQOA_clean, 1187.95
FALVOF_clean, 4928.72
FALVUL_clean, 4301.42
FAMBUS_clean, 1784.36
FANWOI, 5713.11
FAPTIB_clean, 2886.52
FAPTOH_clean, 2899.96
FAPTUN_clean, 2693.92
FAPVAV_clean, 2722.18
FAPYEA, 1813.07
FAPYEA04_clean, 905.887
FAQVEA_clean, 1225.84
FAQYUR_clean, 1222.52
FARYAA_clean, 3509.54
FASQUN_clean, 3190.44
FATKAO_clean, 2515.86
FATKIW_clean, 2545.14
FATKUI_clean, 2651.86
FATLUJ_clean, 1975.96
FAVZEJ_clean, 458.446
FAYKOH_clean, 4034.39
FAZPED_clean, 2660.75
FAZRAA_clean, 1118.44
FAZZEM_clean, 1772.78
FECKAA_clean, 4233.05
FECWOB, 2134.0
FECWOB01_clean, 1066.96
FECZAQ_manual, 5710.19
FEDBEX_clean, 885.788
FEFCUQ_clean, 3275.98
FEFDAX_clean, 3091.73
FEFDEB_clean, 2227.43
FEFZOF_clean, 1833.16
FEHCOM_clean, 3892.61
FELVID_clean, 4643.9
FELWAW_clean, 4568.5
FELWIE_clean, 4606.06
FERCAH, 5563.96
FERHAN_clean, 4990.82
FEVDIV_clean, 3235.54
FEVNOK_clean, 1011.43
FEVSAC_clean, 4524.5
FEWGUL_clean, 2513.51
FEWTUY_clean, 4574.0
FEXCES_clean, 2936.72
FEXHOG01_clean, 1019.25
FEXHOG_clean, 997.605
FEYJOJ_clean, 3229.39
FEYQIK_clean, 911.958
FEZREJ_clean, 4222.99
FIBHEF_clean, 1398.37
FIBHIJ_clean, 1450.06
FIFPAM01_clean, 837.866
FIGQUJ_clean, 1306.43
FIGXAU_clean, 245.62
FIGXAW_clean, 3312.22
FIHFAF_clean, 1653.96
FIHRIZ_clean, 2696.11
FIHXUR_clean, 2737.57
FIJCUX01_clean, 4548.2
FIJCUX_clean, 4404.19
FIJDIM02_clean, 1758.13
FIJDIM03_clean, 1761.13
FIJDIM04_clean, 1767.83
FIJDIM06_clean, 1777.3
FIJDIM07_clean, 1778.7
FIJDIM09_clean, 1788.38
FIJDIM11_clean, 1768.82
FIJDIM12_clean, 1766.35
FIJDIM_clean, 1752.05
FIKQIB_clean, 1619.06
FIKTOK_clean, 1908.29
FIMNIA_clean, 3524.66
FIMXUW_clean, 2235.36
FINQOK_clean, 3525.22
FINQUQ_clean, 3482.28
FIPWOS_clean, 745.463
FIPWUY_clean, 726.863
FIPXEJ_clean, 1417.24
FIQCEN_clean, 4570.2
FIQYOU_clean, 1660.95
FIQYUA_clean, 1598.63
FIRVEH_clean, 711.35
FITJAU_clean, 3288.35
FITJEY_clean, 3192.81
FIVNAZ_clean, 425.147
FIVYEP01_clean, 1911.63
FIVYEP_clean, 1911.63
FIVYUF_clean, 2799.77
FOHCAH_clean, 682.11
FOHCIP_clean, 1930.9
FOHQUO_clean, 1528.61
FOHSAW01_clean, 1477.43
FONQIJ_clean, 2232.75
FUDQIF_clean, 387.889
FUFREE_clean, 1263.37
FULQOT_clean, 3247.9
FULQUZ_clean, 3519.25
FUNBAS_clean, 2516.73
FUNBEW_clean, 2481.37
FUNBIA_clean, 2902.39
FUNBOG_clean, 2933.06
FUNCAT_clean, 3290.12
FUNCEX_clean, 3296.03
FUSWIA_clean, 2855.1
FUSYUO_clean, 4909.6
FUTCAZ_clean, 2863.04
FUTDII_clean, 3509.89
FUTKEL_manual, 3266.81
FUTZOK_clean, 1589.85
FUWXOL_clean, 1186.44
FUWYAY_clean, 1028.06
FUYYAA_clean, 1046.88
FUZKAN_clean, 4359.16
GACPUX_clean, 3387.39
GACQAE_clean, 3761.0
GADMAA_clean, 2876.01
GAJVAQ_clean, 5038.16
GAJYUN_clean, 1562.75
GAJZAU_clean, 1581.64
GAJZEY_clean, 1577.67
GAJZIC_clean, 1556.08
GAJZOI_clean, 1544.38
GAJZUO_clean, 1511.38
GALBUS, 6335.88
GALCAZ_clean, 4218.32
GALCED_clean, 2815.29
GAMTAQ_clean, 909.477
GAMTEU_clean, 908.369
GAMTIY_clean, 899.591
GAMTUK_clean, 1427.51
GAMVAS_clean, 1419.51
GAWBEM_clean, 959.759
GAWKAS_clean, 5939.26
GAWMAU_clean, 3057.01
GAXDIS10_clean, 1301.98
GAXGET_clean, 3227.33
GAXGIX_clean, 3151.34
GAXGOD_clean, 3284.31
GAXKOH_clean, 5416.27
GAXKUN_clean, 3774.27
GAXQIH_clean, 2364.33
GAXVUY_clean, 2685.89
GAXWAF_clean, 2752.43
GAXWEJ_clean, 1687.81
GAYFOD_clean, 569.382
GAYFUJ_clean, 1874.29
GAYGAQ_clean, 491.075
GAZLAW_clean, 3832.14
GEDDAW_clean, 6256.75
GEDDEA_clean, 6000.74
GEDLIM_clean, 2744.74
GEDQIR_clean, 2862.07
GEDQOX_clean, 2796.5
GEDRAK_clean, 2610.54
GEDREO_clean, 2638.51
GEDROY_clean, 2435.94
GEDRUE_clean, 2698.56
GEDSAL_clean, 2579.88
GEDSEP_clean, 2572.34
GEDSIT, 5148.41
GEDSOZ_clean, 2726.74
GEDSUF_clean, 2934.16
GEDTAM_clean, 2770.41
GEGSIW_clean, 3320.35
GEHSAN_clean, 1041.94
GELJAJ_clean, 3375.59
GELVEZ02_clean, 773.13
GELVEZ_clean, 778.699
GELVID01_clean, 1422.07
GELVID_clean, 717.739
GENGIR_clean, 3407.63
GEPDIQ_clean, 5260.25
GERNOI_clean, 5206.9
GERPUP_clean, 2889.97
GERWEH_clean, 2785.86
GESFAN_clean, 1922.24
GETXAG_clean, 1830.65
GETXEK_clean, 2515.41
GEVKID_clean, 2242.54
GEVXAI_clean, 1314.14
GEVXIQ_clean, 1364.56
GEWXAJ_clean, 1853.04
GIDKOU_clean, 3581.83
GIFFAE_clean, 2179.56
GIFKAH_clean, 521.338
GIFKIP_clean, 514.082
GIHBII_clean, 1342.48
GIHPAQ_clean, 2322.38
GIKMOD01_clean, 1337.53
GIKMOD02_clean, 1345.8
GIKMOD03_clean, 1344.65
GIKMOD04_clean, 1349.15
GIKMOD05_clean, 1351.19
GIKMOD06_clean, 1355.88
GIKMOD07_clean, 1355.88
GIKMOD08_clean, 1350.9
GIKMOD09_clean, 1351.21
GIKMOD10_clean, 1357.96
GIKMOD11_clean, 1350.28
GIKMOD12_clean, 1346.61
GIKMOD_clean, 1346.01
GIKQIC_clean, 1810.82
GIMSIG_clean, 1295.66
GIMVAA_clean, 1327.62
GINLIA_clean, 3276.26
GIQXEK_clean, 1452.15
GIQXIO_clean, 1413.98
GIQXOU_clean, 1382.33
GIQXUA_clean, 1413.98
GIQYAH_clean, 1385.71
GIQYEL_clean, 1463.15
GIQYIP_clean, 1435.34
GIQYOV_clean, 1534.88
GIQZIQ_clean, 2334.79
GIRDUI_clean, 1711.02
GIRFUJ_clean, 1149.51
GIRGUL_clean, 1562.6
GITTIN, 5152.17
GITTOT_manual, 2438.73
GITWIQ_clean, 3096.22
GIVDUL, 5570.16
GIWMOP, 2417.79
GIYSAJ02_clean, 5583.63
GIYSAJ_clean, 6160.34
GIYSEN_clean, 2120.21
GIYSIR_clean, 2100.25
GIYSOX_clean, 2094.31
GIYSUD_clean, 1256.88
GIYTAK_clean, 1410.9
GIYTIS_clean, 1382.1
GIZJOP_clean, 4466.25
GIZVER_clean, 2112.93
GOFDAH, 5629.77
GOGWAB_clean, 1086.35
GOJDOZ_clean, 838.576
GOKBUE_clean, 1129.16
GOLQII_clean, 1790.42
GOMRAC_clean, 1368.19
GOMREG_clean, 1401.24
GUBVUU_clean, 2534.31
GUFREF_clean, 3295.83
GUJGAU_clean, 2268.78
GUJGEY_clean, 2215.45
GUJTOV_clean, 1738.9
GUJVIR_clean, 1168.71
GUJVOX_clean, 1164.59
GUKNIK_clean, 707.655
GULPIN_clean, 2185.14
GULWOA_clean, 3535.6
GUNFAW01_clean, 3716.74
GUPBEZ, 5157.81
GUPBUP_manual, 2975.03
GUPCUQ01, 5907.36
GUPJEG01_clean, 636.256
GUPJEG_clean, 642.46
GUQTOB_clean, 526.333
GURZID_clean, 1207.12
GUSNEN01_clean, 497.26
GUSNEN_clean, 506.318
GUWDUY_clean, 2158.33
GUXLIU_clean, 487.23
GUXPOF_clean, 2058.54
GUXQAR_clean, 363.527
GUYLOC_clean, 2463.11
GUYLUI01_clean, 1732.47
GUYLUI_clean, 1711.82
GUYMAP_clean, 2441.58
HABRIN_clean, 2442.23
HABZEQ_clean, 1216.84
HAFQOW_clean, 1462.44
HAFQUC_clean, 1498.95
HAFTOZ_clean, 4647.54
HAFVOB_clean, 6165.38
HAFVUH_clean, 1438.39
HAFWUI_clean, 2430.94
HAJJAE_clean, 1039.75
HAJLEK_clean, 2022.8
HAJLIO_clean, 2019.93
HAJLOU_clean, 2026.84
HAJLUA_clean, 2044.44
HAJMAH_clean, 2072.2
HAJMEL_clean, 2061.54
HAKCIG_clean, 3404.82
HAKWUM_clean, 271.189
HAMJOW_clean, 2534.87
HAMREU_clean, 2322.71
HAMRIY_clean, 2204.14
HAOAER_clean, 816.289
HAPVAX_clean, 2375.0
HAPVEB_clean, 2366.61
HARNAR_clean, 4123.52
HAWWIN_clean, 5118.97
HAWWOT_clean, 5214.2
HAWWUZ_clean, 5163.63
HAWYUB_clean, 1505.18
HAXJEX_clean, 2067.01
HAXMUP_clean, 1738.45
HAZGOF01_clean, 1560.99
HAZNON_clean, 1727.59
HEBGUS_clean, 2615.89
HEBJAB_clean, 1867.49
HEBKEG_clean, 1453.15
HEBTAL_clean, 1467.71
HEBTEP_clean, 1465.37
HEBZAR, 5165.47
HEBZEV, 5154.99
HEDBEZ_clean, 1405.14
HEDBID_clean, 1397.36
HEDBOJ_clean, 2846.91
HEDBUP_clean, 2833.59
HEDCEA_clean, 4163.64
HEDCIE_clean, 4634.13
HEDGUS_clean, 1026.12
HEDTER_clean, 4322.48
HEGJUZ_clean, 6536.66
HEKTAU_clean, 2760.28
HEKTUO_clean, 1871.4
HELCUY_clean, 1842.47
HELDEJ_clean, 1658.75
HENYUV_clean, 983.826
HESVOR_clean, 987.026
HEXNII_clean, 847.141
HEZKIH_clean, 2818.72
HEZSAG_clean, 1755.49
HEZSEK_clean, 1733.81
HGCNCO_clean, 2093.77
HIBGEF_clean, 1604.98
HIBGIJ_clean, 1740.89
HICVOG_clean, 2971.51
HICVUM_clean, 3141.5
HIDBON_clean, 1651.81
HIDMEO_clean, 1264.34
HIFGIO_clean, 2082.31
HIFGOU_clean, 1636.13
HIFTOG01_clean, 4376.47
HIFTOG02_clean, 4416.37
HIFTOG_clean, 4386.48
HIFTUM_clean, 2828.86
HIFVOI_clean, 6205.35
HIFVUO, 6468.57
HIFWAV_clean, 5803.4
HIGRIA_clean, 5230.93
HIHGOW_clean, 6712.2
HIHJUF, 3112.83
HIHNUJ_clean, 3603.25
HIMSAY_clean, 2122.57
HITXUE, 3330.06
HIWKEE_clean, 3213.65
HIWKII_clean, 1368.58
HIWLOO_clean, 1251.58
HIWXER01_clean, 911.288
HIWXER_clean, 905.522
HIXDOH01_clean, 786.552
HIYZEV01_clean, 1196.5
HIZQEN_clean, 611.509
HOGLEV01_clean, 5468.94
HOGSIG_clean, 1457.19
HOGTOM_clean, 2302.21
HOJLEY_clean, 1543.21
HOMZEP_clean, 5822.03
HOPHUP_clean, 487.472
HORCOH_clean, 1058.61
HORCUN_clean, 1072.6
HOWPOZ_clean, 3607.95
HOWPUF_clean, 3630.23
HOWQAM_clean, 4654.29
HOWQEQ_clean, 3119.75
HOXKUB_clean, 3315.32
HOYTUL_clean, 1927.65
HUCLIB_clean, 1769.36
HUHJAW_clean, 622.791
HURGEH_clean, 5200.04
HURGUX01_clean, 2276.31
HURGUX_clean, 2277.39
HURNOX_clean, 845.27
HURQUG_clean, 1342.77
HUSQES_clean, 2336.92
HUTTIA_clean, 5773.81
HUTZAX01, 4524.52
HUTZEB_clean, 1704.95
HUZSUR01_clean, 4589.7
IBARUA_clean, 2200.06
IBASEL_clean, 2351.73
IBICAZ_clean, 2862.66
IBICED_clean, 2865.18
IBICIH_clean, 2872.87
IBICON_clean, 2870.57
IBICUT_clean, 2872.99
IBIDAA_clean, 2901.1
IBITUK_clean, 2050.52
IBOTAU_clean, 816.763
IBOZIK_clean, 3005.66
IBUDOZ_clean, 935.22
IBUYAH_clean, 3662.99
ICAGAU_clean, 1315.68
ICAGOK_clean, 6051.89
ICALOP_clean, 3794.84
ICANAD_clean, 2404.83
ICANEH_clean, 2426.18
ICEGED_clean, 1714.25
ICIZOL_clean, 2823.27
ICORAV_clean, 1349.54
ICOWON_clean, 934.561
ICOYIK_clean, 2281.61
IDAGOL_clean, 1831.22
IDAGUR_clean, 1844.49
IDAZEU_clean, 574.198
IDIWOH01_clean, 1535.22
IDIWOH_clean, 1534.15
IDUDES_clean, 1588.64
IDUDIW_clean, 1856.78
IFASOZ_clean, 6001.12
IFEHUY_clean, 3229.23
IFENOY01_clean, 1839.73
IFENOY02_clean, 1849.87
IFENOY_clean, 1819.76
IFEPUG_clean, 1815.58
IFEQAN_clean, 1815.47
IFEQIV_clean, 1850.86
IGAHAB_clean, 4322.07
IGAHED01_clean, 402.002
IGAHED02_clean, 397.677
IGAHED_clean, 401.294
IGOCOX_clean, 2553.52
IHIWIF_clean, 3468.99
IJANAJ_clean, 1082.32
IJANEN_clean, 2165.25
IJASAO01_clean, 1849.7
IJASAO_clean, 1849.7
IJASES01_clean, 844.306
IJASES_clean, 844.306
IJASIW_clean, 1238.82
IJASOC_clean, 1626.57
IJENER_clean, 2277.74
IJEXUR_clean, 1612.94
IJIROI_clean, 1012.23
IJOMOJ02_clean, 1788.56
IJOMOJ04_clean, 1785.18
IJOMOJ06_clean, 1779.89
IJOMOJ07_clean, 1788.01
IKEBUV01_clean, 854.657
IKEBUV_clean, 848.081
IKETAU_clean, 758.846
IKETEY_clean, 740.915
IKETOH_clean, 4567.62
IKETOI_clean, 734.118
IKEVAW_clean, 722.361
ILIFOY_clean, 831.048
ILIFUE_clean, 819.712
ILIGAL_clean, 805.525
ILIGEP_clean, 804.467
ILOJEZ_clean, 2424.27
ILOJOJ_clean, 2623.59
ILOTOT_clean, 1733.48
ILUGOM_clean, 3129.5
ILUHUT_clean, 3169.67
ILUJAB_clean, 3200.37
ILUJEF_clean, 3114.8
ILUJIJ_clean, 3176.52
IMACZN01_clean, 769.996
IMIXIM_clean, 3022.65
INESIE_clean, 2803.94
INIQUR_clean, 2833.97
INIRAY_clean, 2884.31
INOVEN_clean, 2800.31
IPIDAN, 4363.62
IPIDUH_clean, 4356.49
IPIFAP_clean, 1390.02
IPIJUM_clean, 1358.02
IPOWOA_clean, 1921.17
IQEWOQ_clean, 1819.01
IQIJIC_clean, 4626.94
IQIPAZ_clean, 2105.17
IQUNAJ01_clean, 587.153
IQUNAJ_clean, 584.809
IRISAD01_clean, 630.61
IRMOF-1, 4309.37
IRMOF-6, 4314.43
IRMOF-7, 2153.89
ISACIP_clean, 2008.16
ISENUQ_clean, 5127.12
ISEQIH_clean, 947.062
ISIKIF_clean, 2480.69
ISIKOL_clean, 2094.86
ISIMAZ_clean, 2079.49
ISOHEE_clean, 1562.79
ISOJOQ, 3434.35
ISUCUV_clean, 2519.16
ISUXAW_clean, 2182.5
ITETEH_clean, 707.553
ITIBET_clean, 1819.06
ITIBOD_clean, 2079.77
ITIWIS_clean, 5417.31
ITIWOY_clean, 5420.99
ITIWUE_clean, 5430.56
IVARUT_clean, 1563.63
IVEGEV_clean, 3675.31
IVEHEW_clean, 2074.99
IVETOT_clean, 6745.51
IWELIG01_clean, 1817.03
IWELIG_clean, 1823.88
IWELOM_clean, 1819.98
IWEPUW_clean, 1013.41
IXAJUN_clean, 2015.93
IXAKAU_clean, 5185.92
IXEQIL_clean, 2515.69
IXISAJ_clean, 1980.63
IXISOX_clean, 2037.75
IXODUV_clean, 1516.81
IXOFAD_clean, 1519.06
IXOFEH_clean, 1494.12
IXOFIL_clean, 1511.19
IXOFOR_clean, 1501.44
IXOFUX01_clean, 1532.48
IXOFUX_clean, 1532.38
IXURAV_clean, 4462.59
IXUREZ_clean, 3664.92
IXURID_clean, 1859.55
IXUWII_clean, 4432.72
IXUWOO_clean, 3651.58
IYIGEC_clean, 1799.48
IYIHUU_clean, 2809.29
IYUJAO_clean, 4183.19
IYUREA_clean, 865.204
IYUSAX_clean, 876.643
IZEBEV_clean, 1740.04
IZEHAX_clean, 1179.09
IZUMUM_clean, 2634.79
JAHNEM_clean, 1321.4
JASNAT_clean, 1636.07
JASNEX_clean, 794.17
JAVNIE_clean, 2990.72
JAVTAC_clean, 1033.65
JAVWUY_clean, 1969.44
JEBCOJ_clean, 2241.18
JEDJUY_clean, 919.903
JEJKEP_clean, 2497.93
JEJWIF_clean, 2619.52
JEJWOL_clean, 5977.39
JEMNAR_clean, 1227.33
JEMQEY_clean, 875.67
JETNOL_clean, 761.774
JETZAK_clean, 3505.52
JEWCAP_clean, 4615.92
JEXSOV_clean, 648.654
JILXOS_clean, 3292.77
JITPOS_clean, 6688.83
JIVFUQ_clean, 966.699
JIVHIG_clean, 4460.37
JIXWUJ01_clean, 1762.26
JIXWUJ_clean, 1770.12
JIYXUL_clean, 3343.37
JOCPIB_clean, 2168.44
JODGEP_clean, 2432.32
JOGBIR_clean, 1342.38
JOHFIW_clean, 1514.66
JOJLOK_clean, 1774.84
JOSNAG01_clean, 793.4
JOSNAG_clean, 789.523
JOVDON_clean, 2232.77
JUCXEK_clean, 1316.48
JUTCUW_clean, 504.63
KABXES_clean, 2605.83
KABXIW_clean, 2646.25
KAFTUI_clean, 3202.32
KAFYAT_clean, 2118.34
KAHNOX_clean, 1450.11
KALGAH_clean, 2925.36
KAMZUV_manual, 2503.3
KANCIN_clean, 1933.85
KANDEK_clean, 1770.91
KANDIO_clean, 2069.43
KANMIX_clean, 4205.9
KAPGUE_clean, 542.309
KAPHAL_clean, 537.594
KAPHOZ_clean, 968.321
KASRAZ_clean, 4910.54
KATDAM_clean, 4309.07
KAVGAQ_clean, 1367.58
KAVKIC_clean, 3258.45
KAVLID_clean, 2305.09
KAVREG_clean, 3259.29
KAVRIK_clean, 3275.04
KAVROQ_clean, 3266.42
KAVTUY_clean, 1747.81
KAWBOB_clean, 2656.75
KAXQIL_clean, 1473.53
KAXQOR01_clean, 1458.99
KAXQOR_clean, 1472.21
KAXZUG_clean, 2465.79
KAYBIX_clean, 1122.26
KAYBUJ_clean, 1141.3
KAYCIY_clean, 2092.18
KECRAL10_clean, 783.835
KEDQAN_clean, 4012.28
KEFBEE_clean, 3393.55
KEFBOO_clean, 3324.24
KEFWID_clean, 1836.99
KEGYAX_clean, 888.958
KEHGOV_manual, 2822.08
KEJBOQ_clean, 3618.54
KEJHIQ_clean, 3647.73
KENJEU_clean, 6129.27
KEQZAJ_clean, 3120.71
KESGAS_clean, 2760.55
KESHAT_clean, 2622.66
KETHEY_clean, 1584.91
KETSEI_clean, 1154.29
KEVVIS_clean, 3964.62
KEVWUF_clean, 3876.03
KEWZOD_clean, 3130.94
KEXKAB_clean, 2198.92
KEXKEF_clean, 1426.31
KEXPOU_clean, 1286.94
KEYYET_clean, 4899.05
KIDDIM_clean, 4607.85
KIDDOS_clean, 4315.92
KIDVIE_clean, 1312.35
KIFJUF_clean, 2285.12
KIFKAM_clean, 1527.67
KIFKEQ_clean, 2823.83
KIFWUT_clean, 2889.89
KIFXOO_clean, 2656.16
KIGCEK_clean, 2761.47
KIHTOL_clean, 1720.29
KIJYIM_clean, 806.287
KILFUI_clean, 2623.27
KILJEV_clean, 747.825
KINDIW_clean, 1238.82
KINDOC_clean, 1626.57
KINFAQ_clean, 2037.7
KINFEU_clean, 3776.39
KINHAS_clean, 1419.32
KINJUO_clean, 3960.6
KINKAV_clean, 1987.18
KINLAW_clean, 3267.74
KINQAB_clean, 1777.76
KIPJIE_clean, 4968.89
KIPJOK_clean, 5019.61
KIPKAX_clean, 3783.13
KIPKEB_clean, 3809.29
KIPZEQ_clean, 1586.76
KIQKOK_clean, 1815.34
KIRKAZ_clean, 3039.66
KIVDUP_clean, 2036.68
KIVFAX_clean, 2025.52
KIXXOG_clean, 1441.4
KIYMAI_clean, 1517.71
KIYMEM_clean, 1568.81
KIYMIP_clean, 2233.5
KIYMIQ_clean, 2497.36
KOBPIB_clean, 1928.28
KOBPUN_clean, 1874.59
KOFPEB02_clean, 2352.72
KOFPEB03_clean, 2352.6
KOFPEB05_clean, 2328.49
KOFPEB_clean, 2339.85
KOJCUI, 3488.47
KOJYEO_clean, 1129.35
KOJZAL_clean, 2464.76
KOMGUP_clean, 1485.19
KOMHAW_clean, 1473.11
KONYOB_clean, 1051.18
KUDLUR_clean, 2220.4
KULRIT_clean, 1739.38
KUNWEW_clean, 2782.18
KUQXIE_clean, 701.48
KUXLUL_clean, 2111.32
LABGAY_clean, 4048.59
LABJUV_clean, 1887.09
LABPOV_clean, 3948.42
LABPUB_clean, 3931.49
LACGAZ_clean, 2070.0
LACGED_clean, 2098.12
LACJAC_clean, 1588.51
LADHEF_clean, 2899.99
LAGBUS_clean, 3356.5
LAGCED_clean, 3534.02
LAGCUT_clean, 3493.41
LAGHIL_clean, 1203.85
LAGMUD_clean, 981.787
LAGNAK_clean, 1087.32
LAGNEO_clean, 1060.56
LAGNIS_clean, 995.002
LAGNOY_clean, 1846.53
LAGNUE_clean, 1712.75
LAGPAM_clean, 858.107
LAGQER_clean, 1019.27
LAGQOB_clean, 1008.22
LAGRES_clean, 817.822
LAGRIW_clean, 813.627
LAGVOG_clean, 2109.66
LAGWEX_clean_h, 1997.24
LAJDUV01_clean, 753.8
LAJDUV02_clean, 752.451
LAJDUV03_clean, 755.496
LAJDUV_clean, 752.088
LALPIZ_clean, 1480.35
LALPOF_clean, 1505.53
LANCOU_clean, 2193.51
LARVIL, 2137.63
LARZEL_clean, 1732.93
LASWEJ_clean, 2148.88
LASWIN_clean, 1374.76
LASYOU_clean, 2437.06
LAVSUY_clean, 1535.32
LAVTEJ01_clean, 1484.26
LAVTEJ_clean, 1544.28
LAVTIN_clean, 1525.14
LAVTOT_clean, 1524.46
LAVTUZ_clean, 1512.05
LAWGEW_clean, 4321.43
LAWGIA_clean, 4329.45
LAWGOG_clean, 4337.97
LAWGUM_clean, 4342.52
LAXGOH01_clean, 1057.36
LAZGOK_manual, 1623.84
LAZJAZ_clean, 1217.26
LAZKUU_clean, 4825.66
LAZLEF_clean, 3156.06
LAZPIN_clean, 3233.83
LAZPOT_clean, 3210.47
LAZPUZ_clean, 3191.75
LAZSIQ, 5423.3
LECGEH_clean, 1120.59
LECHUX_clean, 2554.63
LEDCAA_clean, 5103.67
LEDHIN_clean, 1078.24
LEDLEN_clean, 4647.03
LEGGEK_clean, 947.001
LEGGIO_clean, 4885.59
LEGGOU_clean, 4423.38
LEJBUX_clean, 2034.37
LELMIA01_clean, 1158.36
LELRUR_clean, 5642.86
LEMNOH_clean, 2158.6
LENRUS_clean, 977.905
LEPLEZ_clean, 934.629
LERNAY01_clean, 1392.2
LERNAY02_clean, 1380.8
LERNAY_clean, 1394.93
LERNEC01_clean, 1390.48
LERNEC_clean, 1403.44
LESWAI_clean, 2190.32
LETFEW, 5732.48
LETRIN_clean, 1267.62
LETROT_clean, 1097.75
LEVNOQ01_clean, 2436.76
LEVNOQ_clean, 2507.98
LEVYOC_clean, 2093.84
LEWTUD01_clean, 1380.76
LEWTUD_clean, 1398.86
LEWVAL_clean, 1384.87
LEZLAF_clean, 2491.96
LEZZEX_clean, 1578.26
LIBJAJ_clean, 1106.06
LICSUM_clean, 746.133
LIDZOP_clean, 1577.75
LIDZUV_clean, 1478.36
LIFWEE_clean, 2881.71
LIFWOO_clean, 4761.8
LIGHAM_clean, 2299.91
LIHRIE_clean, 687.183
LIHSEB_clean, 1516.67
LIHSIF_clean, 2370.78
LIJXEI_clean, 3924.2
LIKFOB_clean, 398.499
LIQGEY_clean, 1119.46
LIRNEH_clean, 6025.17
LIVTEP_clean, 882.578
LIWXIZ_clean, 1473.69
LIXNIP_clean, 815.129
LIXWAR01_clean, 2498.59
LIXWAR_clean, 2523.22
LOBHAM_clean, 3115.81
LOFZUB_clean, 3331.8
LOJFUL_clean, 5157.83
LOLQIM_clean, 786.183
LOQLEJ_manual, 2966.91
LOQLIN_clean, 2620.14
LOWPUI_clean, 628.9
LOWQIX_clean, 4369.35
LUCDIW_clean, 1862.85
LUFNAC01_clean, 2104.38
LUFNAC02_clean, 2097.78
LUFNAC03_clean, 2105.21
LUFNAC04_clean, 2103.96
LUFNAC05_clean, 2094.94
LUFNAC_clean, 2094.05
LUFNEG_clean, 3684.39
LUFQUZ02_clean, 382.566
LUKREO_clean, 2756.07
LUKRIS_clean, 2665.07
LUKRUE_clean_h, 2830.23
LULHUW_clean, 525.197
LULJAE_clean, 536.639
LULWUL_clean, 2033.3
LULXAS_clean, 2092.97
LULXEW_clean, 2035.5
LUMDEC_clean, 3972.55
LUMZUO_clean, 2985.76
LUNBEB_clean, 2840.17
LUNBIF_clean, 2929.17
LUPHIN_clean, 2050.39
LUPTAS_clean, 2876.65
LUQGAG_clean, 3251.43
LURGEL_clean, 3007.3
LUSHIR_clean, 1689.25
LUSHOX01_clean, 2406.32
LUSHOX02_clean, 2438.18
LUSHOX_clean, 2438.09
LUSHUD_clean, 1635.22
LUSJAL_clean, 1515.89
LUSJEP_clean, 1749.0
LUSJIT_clean, 1748.57
LUSZIJ01_clean, 1354.51
LUSZIJ_clean, 1346.61
LUSZOP01_clean, 1350.58
LUSZOP_clean, 1350.28
LUSZUV_clean, 1350.58
LUTBEI_clean, 1341.51
LUTBUY_clean, 1357.37
LUTCAF_clean, 1337.4
LUTCEJ_clean, 1350.68
LUTCIN_clean, 1336.8
LUTDAG_clean, 1330.26
LUVTEC_clean, 4729.03
LUWYUY_clean, 2039.84
LUXDEO, 4990.63
LUYHAP_clean, 4037.82
MABJOP_clean, 1149.15
MABJUV01_clean, 1171.63
MABJUV_clean, 1179.86
MABKEG_clean, 1283.31
MABKIK01_clean, 1364.91
MADVUJ_clean, 1855.85
MADWAQ_clean, 1813.6
MAFZOK_clean, 698.42
MAGBAZ_clean, 2128.24
MAHTAR01_clean, 1625.37
MAHTAR_clean, 1627.64
MAJHOW_clean, 4256.68
MAJHUC_clean, 2672.96
MAKSUO_clean, 2862.51
MAKXAZ_clean, 2075.35
MAPFIS_clean, 3287.7
MAPFOY_clean, 3884.66
MAQZOV_clean, 1876.95
MARXEK_clean, 1502.14
MASZUD_clean, 4068.36
MATTOR_clean, 1647.59
MATTUX_clean, 2221.45
MATVAF_clean, 3705.11
MATVEJ_clean, 4784.81
MATVIN_clean, 1054.11
MAYPIM_clean, 1945.15
MAYXUG_clean, 551.284
MAYYAN_clean, 1296.9
MAZJEC_clean, 1236.7
MAZSUD_clean, 948.298
MAZTIR_clean, 1225.77
MECLEL_clean, 1515.64
MECWEX_clean, 2461.71
MEFYUT_clean, 2446.14
MEGBAD_clean, 5433.79
MEHPAQ_clean, 820.836
MEJQEZ_clean, 1682.98
MEJQID_clean, 1754.5
MEJQOJ_clean, 1765.39
MEJZEI_clean, 2791.62
MEJZIM_clean, 2770.51
MEJZOS_clean, 2717.83
MEJZUY_clean, 2682.74
MEKDUC_clean, 2140.45
METYIU_clean, 3920.07
MEWNEH_clean, 3528.66
MEXJAC_clean, 2823.61
Mg-DOBDC, 1311.62
MgMOF-74, 1368.9
MIBQAR16_clean, 4282.55
MIBQAR18_clean, 4277.26
MIBQAR_clean, 4339.39
MICDEJ_clean, 2665.55
MICNES_clean, 2654.66
MICNIW_clean, 2397.95
MICNOC_clean, 2423.47
MICNUI_clean, 2383.63
MICPAQ_clean, 2485.59
MIDRAT_clean, 2533.27
MIFGEP_clean, 3564.94
MIFKUJ_clean, 2086.9
MIFQEY_clean, 2201.88
MIHBAG_clean, 1824.82
MIHHIU, 4068.17
MIHHOA_clean, 4017.76
MIHHUG_clean, 4048.08
MIHLAR_clean, 4594.51
MIHLEV_clean, 1392.4
MIHLIZ_clean, 2295.01
MIHLOF_clean, 2280.19
MIHLUL_clean, 6020.47
MIHMAS_clean, 2498.03
MIJYEK_clean, 1416.95
MIKJAR_clean, 2198.39
MIL-47, 1534.15
MIL-53Crlt, 506.318
MIL-88A-dry, 1228.09
MIL-88A-open, 2110.03
MIL-88B-dry, 1524.43
MIL-88C-dry, 2020.12
MIL-88C-open, 5708.15
MIMVEJ_clean, 1576.92
MINCER_clean, 565.912
MINVUA01_clean, 743.075
MINVUA_clean, 743.075
MITGIF_clean, 1048.72
MITGOL_clean, 1073.27
MIVNUB_clean, 1095.03
MIVPAJ_clean, 1100.45
MIVPEN_clean, 1076.94
MIVPIR_clean, 1077.89
MIYGIL_clean, 519.514
MIZJUB_clean, 5115.43
MIZKOW_clean, 1780.64
MOBBOU_clean, 1011.4
MOCHES_clean, 341.888
MOCHIW_clean, 338.567
MOCHUI_clean, 324.839
MOCJAQ_clean, 314.497
MOCJEU_clean, 311.711
MOCJIY_clean, 308.158
MOCKAR_clean, 3189.79
MOCKEV_clean, 3122.78
MODDEP_clean, 1681.97
MODNIC_clean, 5078.06
MODNOI_clean, 5095.1
MODNUO_clean, 5068.39
MODPAW_clean, 2077.36
MOF-1-Dybtsev-dmol, 1147.61
MOF-69c, 4404.19
MOF-70, 1462.42
MOGVAG_clean, 1229.11
MOGXUB_clean, 3144.1
MOGYAI_clean, 2988.2
MOJJUR_clean, 2761.12
MOQSIV_clean, 2716.28
MOSDUT_clean, 4234.68
MOTMAK_clean, 1185.29
MOXDIN01_clean, 2946.77
MOXJOZ, 4110.15
MOXNUJ_clean, 2544.23
MOYMET_clean, 3940.33
MOYNEU_clean, 4015.32
MOYYEF_clean, 2123.26
MOYYIJ_clean, 4142.43
MUCLOM, 4119.93
MUDLIH_clean, 4602.88
MUFHUR_clean, 1106.69
MUFJED_clean, 1056.74
MUJRIT_clean, 4623.43
MUKRIU_clean, 1852.22
MULQOA_clean, 2674.94
MULXOH_clean, 2165.86
MUPYIG_clean, 382.057
MUPYUS_clean, 1107.7
MURCAD_clean, 1446.97
MURCIL_clean, 2812.85
MURCOR_clean, 2752.1
MURNIX_clean, 1151.89
MURTUO_clean, 1187.86
MUTVUT_clean, 2851.19
MUVGOA_clean, 4210.6
MUVGUG_clean, 2134.3
MUVHAN_clean, 2125.23
MUVHER_clean, 2142.19
MUVJIX_clean, 2231.25
MUWQEB_clean, 6669.62
MUXHIW01_clean, 1161.27
MUXHUI01_clean, 1132.12
MUZHUL_clean, 877.208
NABMUA01_clean, 1681.73
NABMUA_clean, 1685.86
NABNUA_clean, 3833.1
NACVUI_clean, 1426.25
NADZEZ_clean, 2405.89
NADZID_clean, 1254.34
NAGBUU_clean, 3727.66
NAGQET_clean, 2146.62
NAJGAH_clean, 876.413
NAKLIW_clean, 4515.27
NALWOO_clean, 3713.06
NALYEG_clean, 2851.29
NAMZIL_clean, 2084.61
NANMEW_clean, 3213.91
NAPZOV_clean, 1307.94
NAPZUB_clean, 1242.48
NAQLAT_clean, 4644.98
NARTIL_clean, 1708.12
NARTUX_clean, 4160.58
NASCIV_clean, 1581.95
NASMIF_clean, 1471.16
NATXIR_clean, 1011.8
NATXOW_clean, 5746.2
NAXLEF_clean, 468.772
NAXVOY01_clean, 1630.24
NAXVOY02_clean, 1637.08
NAXVOY03_clean, 1624.39
NAYGUR_neutral, 2259.83
NAYZUK_clean, 3441.97
NAZBAT_clean, 3493.18
NAZZEV_clean, 6689.01
NEDWAW_clean, 3052.14
NEDWEA_clean, 2821.74
NEDWIE_clean, 3541.18
NEFTOJ, 3577.13
NEGGOX_clean, 547.342
NEHNEV01_clean, 1635.31
NEHNEV_clean, 2319.48
NEHZIK_clean, 3755.11
NEJRUR_clean, 1638.6
NEJSAY_clean, 3274.72
NEJSEC_clean, 3268.89
NEJSIG_clean, 689.304
NEJSOM_clean, 1889.62
NEJYUY_clean, 4476.19
NEKBEL_clean, 2324.9
NELWIL_clean, 1063.03
NERMON_clean, 1485.04
NERSUA_clean, 3517.67
NERTAH_clean, 5193.52
NERVEL_clean, 1467.89
NERVIP01_clean, 2817.66
NERVIP_clean, 1459.49
NERVOV_clean, 1504.11
NESSOV_clean, 2693.78
NEVGIE, 2096.38
NEVJEF_clean, 4912.75
NEVPUA, 4387.54
NEVQAH, 4326.46
NEVVAM_clean, 1265.07
NEVVEQ_clean, 897.797
NEYBEZ_clean, 916.399
NHBZZN10_clean_h, 1439.16
Ni-DOBDC, 1299.45
NIBBOR_clean, 2264.61
NIBXUT_clean, 3712.92
NICJOA_clean, 2314.69
NICJUG_clean, 2800.6
NICZAA01_clean, 1052.34
NIFTIH_clean, 3790.32
NIGBOW_clean, 1534.3
NIGFIT_clean, 2017.41
NIGFUF_clean, 1995.38
NIGGAM_clean, 2022.19
NIGGEQ_clean, 1999.49
NIGGIU_clean, 1983.48
NIHBEM01_clean, 1670.14
NIHBEM02_clean, 1707.04
NIHBEM_clean, 1647.94
NIHBIQ01_clean, 1756.45
NIHBIQ02_clean, 1784.98
NIHBIQ_clean, 1741.1
NIJZIP01_clean, 2899.09
NIJZOV_clean, 2788.17
NIKDAM_clean, 2171.68
NIKDEQ_clean, 1534.76
NIKYOW01_clean, 1627.28
NIKYOW02_clean, 1659.63
NIKYOW_clean, 1612.94
NIKYUC01_clean, 1698.28
NIKYUC02_clean, 1737.48
NIKYUC_clean, 1678.61
NIKZAJ01_clean, 1618.18
NIKZAJ02_clean, 1645.7
NIKZAJ_clean, 1602.94
NIKZEN01_clean, 1684.13
NIKZEN02_clean, 1709.54
NIKZEN_clean, 1669.15
NINHOH_clean, 1041.24
NIRDOI_clean, 4227.87
NIRMUW_clean, 583.023
NIRNAD_clean, 553.397
NISBEX_clean, 2708.54
NISCOJ_clean, 2784.26
NIVWIY_clean, 286.183
NOCKOG_clean, 2393.13
NOCKUM_clean, 1895.57
NOCLOH01_clean, 958.638
NOCLOH02_clean, 961.316
NOCLOH03_clean, 967.91
NOCLOH_clean, 954.009
NOCLUN_clean, 1556.26
NOFHUM_clean, 3733.82
NOFRAC_clean, 2062.93
NOHFOG_clean, 3128.14
NOQLOV_clean, 1069.62
NUCREJ_clean, 2205.68
NURMUJ_clean, 1688.31
NUTQAV_clean, 3290.1
NUTQEZ_clean, 3111.54
NUVWEH_clean, 1781.17
NUVWIL_clean, 3093.27
NUVYOT_clean, 2963.69
NUXMAU_clean, 506.814
NUYWEK_clean, 1123.92
NUYWOU_clean, 2903.3
OBEDEE_clean, 3157.37
OBENUF_clean, 1185.24
OBEPER_clean, 1296.76
OBODEQ_clean, 1715.55
OBUBOC_manual, 2872.81
OBUFEX_clean, 2371.31
OBUFIB_clean, 2011.85
OCACUR_clean, 976.686
OCAQOY_clean, 1893.8
OCIZIL, 6033.2
OCUGEZ01_clean, 919.86
OCUGEZ_clean, 905.278
OCUPOS_clean, 665.316
ODAJAG_clean, 1065.46
ODELOZ_clean, 483.516
ODIMAQ_clean, 2966.78
ODIXEG_clean, 3845.07
ODODES_clean, 4062.36
ODODIW_clean, 2368.84
ODOXEK_clean, 1704.95
ODUNEH_clean, 4542.55
OFAWAV_clean, 3524.44
OFAWEZ_clean, 3500.27
OFEHAK_clean, 3756.9
OFEHEO_clean, 3991.62
OFERUN02_clean_h, 2458.76
OFERUN04, 4960.32
OFESAU_clean, 2237.97
OFESIC_clean, 2328.82
OFODAP_clean, 4572.63
OFODET_clean, 2367.05
OFORUX_clean, 1422.94
OFUDUQ_clean, 744.051
OFUSAL_clean, 1137.63
OFUSEP_clean, 1355.97
OFUYUL_clean, 2993.3
OGAGAF_clean, 2311.03
OGAGEJ_clean, 3068.15
OGAGIN_clean, 2234.54
OGIYAF_clean, 421.063
OHAKEO_clean, 2808.35
OHAKIS_clean, 5264.07
OHAQEU_clean, 951.305
OHAZAZ_clean, 1142.01
OHOLIH_clean, 1462.33
OHOMIH_clean, 588.615
OJICUG_clean, 3096.77
OJIWIO_clean, 2189.73
OKILEA_clean, 2675.31
OKINIG_clean, 1616.49
OKITAE_clean, 1150.09
OKITIM01_clean, 5444.16
OKITIM02_clean, 5466.29
OKITIM_clean, 5419.75
OKIVAG01_clean, 5549.57
OKIVAG_clean, 5558.27
OKIVIO01_clean, 5481.79
OKIVIO02_clean, 5474.86
OKIVIO_clean, 5503.43
OKIWEL01_clean, 5496.84
OKIWEL02_clean, 5450.62
OKIWEL_clean, 5486.58
OKIWUB01_clean, 5475.78
OKIWUB_clean, 5453.51
OKIXIQ01_clean, 5460.21
OKIXIQ02_clean, 5478.32
OKIXIQ_clean, 5474.39
OKIYAJ_clean, 5423.01
OKIYIR03_clean, 5472.14
OKIYIR_clean, 5468.66
OLOKEF_clean, 394.169
OLUCAZ_clean, 2389.65
OMAWOP_clean, 2746.06
OMAXEG_clean, 1426.31
OMEWUZ_clean, 1168.01
OMORUE, 4812.31
ONIXOZ_clean, 5512.95
OPAPEB_clean, 1488.72
OPAPUR_clean, 1476.3
OPENIH_clean, 1077.81
OPENON_clean, 856.743
OPIPOT_clean, 1319.97
OPIWEQ_clean, 1191.13
OPURIB01_clean, 835.793
OPURIB_clean, 836.749
OQANIE_clean, 4062.69
OQETEK_clean, 3072.83
OSAVEK_clean, 1367.94
OSAVUA_clean, 887.029
OSAWEL_clean, 650.528
OSAXAI_clean, 2490.44
OSIWOD01, 2732.7
OSIWUJ_clean, 1382.08
OSIXEU_clean, 1373.86
OSIXIY_clean, 2720.59
OSOMIT_clean, 1913.2
OTARUX01, 1867.17
OTAVOV_clean, 3612.1
OTAXOX_clean, 3324.05
OTOROF_clean, 1555.44
OVICUS_clean, 1615.25
OVIDON_clean, 4560.5
OVIWIA_clean, 1046.73
OVIZID_clean, 2831.02
OVIZUP_clean, 5815.33
OWAVOY_clean, 4966.05
OWETIU_clean, 5085.79
OXAMIK_clean, 592.656
OXAZIX_clean, 1252.12
OXITOF_clean, 1255.95
OXUPUT_clean, 3231.81
OYEBIE_clean, 2105.04
OYEJOS_clean, 6715.34
OYODEM, 5720.29
OYOSAX_clean, 1501.81
PABXAT_clean, 1149.62
PACZUQ_clean, 2612.64
PAKXIK_clean, 2775.09
PAMGIV_clean, 1569.87
PAMHES01_clean, 1520.41
PAMHES_clean, 1516.75
PAMTII_clean, 5019.09
PAMVEG_clean, 2030.95
PAPHEV_clean, 2629.62
PAPPED_clean, 2910.41
PAPPIH_clean, 2974.92
PAPRUU_clean, 1139.17
PAPVIN_clean, 3078.82
PAPXUB_clean, 1533.21
PAQFIY, 3307.94
PARFOF_clean, 605.833
PARHAS_clean, 1752.46
PARHEW_clean, 1934.94
PARMIG_clean, 1896.04
PARNIH_clean, 4925.67
PARNON_clean, 4363.89
PASKAX_clean, 1310.7
PASMUT_clean, 2462.0
PASNAA01_clean, 2436.6
PASNAA_clean, 2460.32
PASNEE_clean, 1915.32
PASTOU_clean, 2172.37
PAVLUU, 1642.12
PAZXUJ_clean, 1076.21
PECMOB_clean, 1445.54
PEDGUA_clean, 2595.47
PEDMOB_clean, 2869.09
PEFRID01_clean, 5180.37
PEFRID_clean, 6700.43
PEFRUP01_clean, 5236.48
PEFRUP_clean, 6573.75
PEFTAX_clean, 2823.13
PEGBAG_clean, 2243.16
PEGBEK01_clean, 2246.8
PEGBEK02_clean, 2260.47
PEGBUA_clean, 2247.17
PEGCAH_clean, 2277.23
PEGCEL_clean, 2348.51
PEGPUO_clean, 3434.66
PEGQAV_clean, 3397.94
PEJFOA_clean, 2738.51
PEJMOI_clean, 4102.15
PEJRED_clean, 2545.57
PEKKAS_clean, 806.86
PELGOE_clean, 3477.34
PELNEA01_clean, 1738.0
PELXIP_clean, 4336.76
PEMRIK_clean, 3823.23
PENNUT_clean, 2115.07
PENZUE_clean, 1985.08
PEPBAO_clean, 2280.75
PEPHOJ_clean, 1689.41
PEPKUR_clean, 1177.22
PEPLEC_clean, 1489.85
PEPLIG_clean, 1462.96
PEPLOM_clean, 1277.92
PEPXIS_clean, 1299.36
PEQHOK, 4029.94
PEQHUQ_clean, 4082.03
PEQRUZ_clean, 2958.73
PEQWAK_clean, 1685.07
PERSEM_clean, 461.444
PESTUD_clean, 1169.0
PETVER_clean, 3002.43
PETWOC_clean, 2489.85
PEVJOQ_clean, 2559.3
PEVPUD_clean, 4263.97
PEVQAK_clean, 4211.06
PEVQEO_clean, 4185.81
PEVQIS_clean, 4220.9
PEVQOY_clean, 4166.35
PEVXAQ_clean, 4767.99
PEWFII_clean, 425.779
PEWGEF_clean, 1989.23
PEWKOT_clean, 4006.59
PEWXUL01_clean, 1545.6
PEWXUL_clean, 1545.34
PEXBIF_clean, 2107.17
PEYPIU_clean, 1652.35
PEYSIW_clean, 1552.34
PIDMEV01_clean, 2964.83
PIDMEV_clean, 3038.85
PIFPIE_clean, 2995.38
PIHJOH_clean, 1189.31
PIHNUQ_clean, 1598.14
PIHWAG_clean, 1550.35
PIJJOI_clean, 5106.42
PIJROR_clean, 1544.98
PIKBUH_clean, 2440.1
PILWIS_clean, 2399.55
PIXHOV_clean, 1506.11
PIXPET_clean, 1495.31
PIYZAZ_clean, 514.622
PIZPET_clean, 1320.81
PIZPOD_clean, 1289.53
POJTOY01_clean, 892.412
POJTUE_clean, 1973.55
POKXIX_clean, 2684.38
POLNAG_clean, 858.572
PORVUO_clean, 1527.9
POVXII_clean, 2162.87
POXHIU_clean, 1731.61
POXHOA_clean, 1739.36
PULDOQ_clean, 1645.95
PUMNIV_clean, 2171.31
PUMNOB_clean, 2149.11
PUNFIO_clean, 1810.86
PUPNAQ_clean, 1896.24
PUPXII_clean, 652.857
PUQHIT_clean, 1261.47
PUQXUV_clean, 3019.02
PUQYAC_clean, 3025.78
PURJES_clean, 2289.09
PURJIW_clean, 5520.09
PURQEZ_clean, 1563.52
PURQID_clean, 1639.26
PURSOK_clean, 844.895
PUSDIR_clean, 4865.46
PUSDOX_clean, 4946.88
PUWCOZ_clean, 2157.38
PUWCUF_clean, 4836.07
PUWYAI_clean, 2821.81
QADBII_clean, 2421.41
QAHMUJ_clean, 1261.01
QALGUH_clean, 775.051
QALNIA_clean, 997.252
QAQRUW01_clean, 2789.26
QAQRUW_clean, 2789.26
QAQSAD_clean, 1140.21
QARCET_clean, 3019.68
QARTAG_clean, 2972.5
QARTEK_clean, 2330.61
QATHIE_clean, 1042.63
QATHOK_clean, 3551.54
QATPUX_clean, 330.502
QATRAG_clean, 1051.42
QAVDEW_clean, 1367.64
QAVWAN_clean, 2157.01
QAVYUJ_clean, 911.994
QAVZAQ_clean, 894.903
QEBGAH_clean, 3531.87
QEDZEG, 3590.47
QEFNAQ_neutral, 3914.43
QEGNOH_clean, 3482.63
QEKLID01_clean, 945.689
QEKLID_clean, 942.5
QEKLUP_clean, 515.475
QERWAL_clean, 3992.02
QESYOD_clean, 3804.05
QETCUO_clean, 1403.49
QETSOY_clean, 1292.1
QEVKOS_clean, 2411.04
QEYWUN_clean, 1915.92
QEZZIF_clean, 4253.72
QIDDAI02_clean, 2477.21
QIFLIC_clean, 2040.27
QIFLOI, 4701.77
QIFLUO_clean, 2898.78
QIGBIR_clean, 4722.93
QIRYAS_clean, 1246.22
QISKIN_clean, 1146.14
QISRIV_clean, 2180.36
QISVEU_clean, 5989.14
QITMOW_clean, 2627.44
QITYOI_clean, 857.899
QIVBUT_clean, 1867.32
QIYQAR_clean, 2270.89
QOCBEQ, 3452.19
QOCRUW_clean, 926.043
QOCSAD_clean, 918.663
QOJVAM_clean, 1653.86
QOKCID_clean, 1148.64
QOMDUS_clean, 864.678
QOMFAA_clean, 965.742
QONQEQ_clean, 731.752
QOPHEI_clean, 529.522
QOVGOY01_clean, 941.47
QOVGOY_clean, 947.087
QOVWOO_clean, 1938.87
QQQGTA01_clean, 1041.53
QQQGTA02_clean, 1038.27
QQQGTA03_clean, 1045.37
QUDJOP_clean, 2088.3
QUFFED_clean, 1397.97
QUFGIH_clean, 1998.16
QUFTAM_clean, 1356.13
QUGBUQ_clean, 2291.34
QUGNOV_clean, 691.36
QUJFUX_clean, 1205.23
QUKYOL_clean, 1525.14
QUKYUR_clean, 1480.04
QULLEP_clean, 3429.16
QUNMUI_clean, 1607.51
QUPHIT_clean, 2363.07
QUPHUF_clean, 2350.52
QUPJAN_clean, 4948.45
QUPZAC_clean, 1841.16
QUQFIS_clean, 5857.6
QUQGAL, 2507.12
QUQHAM_clean, 747.508
QUQPIC_clean, 1976.56
QUQPOI_clean, 965.146
QUQPUO_clean, 2005.76
QURSEC_clean, 3939.75
QUSCAJ_clean, 3494.1
QUTTII_clean, 1782.3
QUVDOB_clean, 2781.45
QUVDUH_clean, 2749.58
QUVFAP_clean, 2751.35
QUVFET_clean, 2701.28
RABHAZ_clean, 2346.72
RABHIH_clean, 2891.26
RACZEC_clean, 1512.1
RACZIG_clean, 1515.74
RAGYAB_clean, 2237.1
RAHBUZ_clean, 2547.25
RAJFAL_clean, 935.388
RAPYOY_clean, 2854.82
RAPYUE_clean, 2898.12
RAQVEM_clean, 3430.38
RARYOZ_clean, 5090.02
RASXEP01_clean, 3373.85
RATCUL01_clean, 1666.53
RATCUL02_clean, 1672.09
RATCUL03_clean, 1682.2
RATDAS02_clean, 1614.28
RATSAI_clean, 3126.35
RATVEP_clean, 1260.12
RAVVIU01_clean, 1595.5
RAVVOA02_clean, 1627.53
RAVVOA_clean, 1608.2
RAVWAO_clean, 3926.95
RAXCOK_clean, 5760.86
RAXDAX_clean, 1997.89
RAXYOF_clean, 1784.23
RAYMAG_clean, 2225.56
RAZGOQ_clean, 1458.98
RAZXIA_clean, 2518.75
RAZYIC_clean, 3286.97
RAZYOI_clean, 3161.0
REDROI_clean, 1815.53
REDYEG_clean, 998.317
REFJET_clean, 2369.44
REFTON_clean, 3209.74
REFTUT_clean, 3247.48
REGJIW01_clean, 328.844
REGJIW02_clean, 327.796
REGJIW_clean, 330.433
REGLOG_clean, 2024.72
REGQUR_clean, 5377.89
REGREC_clean, 4506.56
REHMEY_clean, 2091.88
REJLEY_clean, 1348.15
REJLIC_clean, 3664.62
REJVOS_clean, 1641.09
RELLAW_clean, 5495.68
RENWEM01_clean, 362.848
RENWEM_clean, 366.347
RESQAJ_clean, 2256.91
RESSAK_clean, 1109.13
RESWOC_clean, 1757.36
RESWUI01_clean, 822.325
RESWUI02_clean, 822.325
RESWUI_clean, 804.078
RETBEZ_clean, 5145.16
REYBAA_clean, 2468.92
REYCOP_clean, 3134.66
REYNUG, 3311.33
REYPIW_clean, 1364.15
REZVAU_clean, 2348.62
RIBDAJ_clean, 1903.79
RIBDEN_clean, 1895.49
RIBTAZ_clean, 6479.61
RICHIV_clean, 1557.34
RIDDUE_clean, 1210.4
RIDKOE, 5392.28
RIFDUG01_clean, 4673.5
RIFQEC_clean, 666.433
RIFQUT_clean, 1512.36
RIHJUO_clean, 1209.2
RILVOZ_clean, 1271.87
RIPNIP_clean, 2586.27
RIVDEF_clean, 2576.37
RIWSUM_clean, 6272.32
RIXBIK_clean, 2708.95
RIYDEJ_clean, 1530.36
ROGLOP_clean, 1400.9
ROGSAI_clean, 2177.2
ROJNEJ_clean, 705.479
RONCIG_clean, 2910.72
RONZID_clean, 983.301
RONZUP_clean, 1048.16
RUBHOM_clean, 1842.76
RUCGOM_clean, 3316.26
RUFMUA01_clean, 545.111
RUFMUA_clean, 543.233
XUNJEW, 5132.25
RUJGOT_clean, 1100.7
RUMWUS_clean, 2234.01
RUPZIM_clean, 1430.01
RURPEA_clean, 402.088
RURQEB_clean, 1113.34
RUSSAA_clean, 2007.43
RUTBUE_clean, 1567.53
RUVKAV_clean, 4150.92
RUVMAX_clean, 2460.58
RUWWOW01_clean, 978.512
RUWWOW_clean, 979.326
RUWWUC_clean, 977.348
RUWXAJ_clean, 988.567
RUWXEN_clean, 991.154
SABVOH01_clean, 1374.08
SABVOH_clean, 1383.07
SABVUN_clean, 705.979
SADLEQ_clean, 1550.64
SADLIU_clean, 1510.52
SADLOA_clean, 1512.88
SADMOB_clean, 698.94
SADMUH_clean, 796.596
SAHYAD01_clean, 5475.71
SAHYAD_clean, 5478.35
SAHYIL_clean, 5427.81
SAHYOQ03_clean, 4321.43
SAHYOQ04_clean, 4337.33
SAHYOQ05_clean, 4337.33
SAKRAZ_clean, 2453.5
SAKRED_clean, 2464.19
SAMLAV01_clean, 2162.17
SAMLAV02_clean, 2225.7
SAMLAV03_clean, 2225.61
SAMLAV_manual, 2239.84
SAQQEH_clean, 3815.42
SAQQIL_clean, 3816.12
SAQQOR_clean_h, 3833.87
SARBOE, 1875.67
SARNOQ_clean, 2413.97
SATBEW_clean, 5706.06
SATCAT_clean, 5802.33
SATCEX_clean, 5585.36
SAXFII_clean, 5878.87
SEFBOV_clean, 2480.81
SEFSOM_clean, 2253.57
SEHSOO_clean, 1821.09
SEHSUU_clean, 1807.83
SEHTAB_clean, 1790.52
SEHTEF_clean, 1818.13
SEHZUB_clean, 1118.43
SENWAL_clean, 3066.64
SENWEP_clean, 2807.34
SENWIT_clean, 2865.33
SENWOZ_clean, 3020.42
SEQSOY_clean, 2962.92
SEQTEP_clean, 5055.94
SERJOP_clean, 3737.07
SERJUV_clean, 3801.6
SERKAC_clean, 1689.59
SERKEG_clean, 1703.22
SETFUT_clean, 1435.78
SETQOZ_clean, 1583.54
SETQUF_clean, 1579.33
SETSIV_clean, 3582.6
SETWOF_clean, 1454.66
SETWUL_clean, 1374.43
SETXAS_clean, 1390.96
SEVWEV_clean, 1197.52
SEYDUW_clean, 1260.91
SEYFAE_clean, 1282.14
SEYFEI_clean, 1237.86
SIBMIB_clean, 4776.1
SICDAL_clean, 486.681
SIFVAG_clean, 4617.42
SIPWUK_clean, 1212.59
SIQQEO_clean, 1059.07
SISFEH_clean, 1056.83
SIVKAK_clean, 3252.83
SIWGUB_clean, 519.81
SOBZOY_clean, 587.597
SODZIV_clean, 3928.15
SOGWIV_clean, 1372.51
SOHGUS_clean, 4903.02
SOJDEB_clean, 2207.88
SONTAR_clean, 1359.05
SONVAT_clean, 4557.69
SONVEX_clean, 4565.93
SONVIB_clean, 4560.27
SOQDEI_clean, 2130.96
SOTTUR_clean, 792.236
SOVHAM_clean, 587.217
SOWYIM, 2088.53
SOWYOS_clean, 2230.27
SOXHUI_clean, 1067.88
SOXZIP_clean, 2395.84
SOYWOT_clean, 4555.2
SUGWEX03, 5335.19
SUHHOT_clean, 549.164
SUJNUH_clean, 2952.7
SUJQOE_clean, 4276.98
SUJREV_clean, 4216.64
SUKYIH_clean, 3431.81
SULKIU_clean, 5845.09
SUNHUF_clean, 2479.78
SUNJER_clean, 971.571
SUNJIV_clean, 997.355
SUNJOB01_clean, 993.919
SUNJOB_clean, 992.885
SUTBIT, 2071.1
TACJIS_clean, 2268.99
TACPAP_clean, 2114.74
TACYAX_clean, 1529.76
TADCAE_clean, 3780.62
TADYEE_clean, 3136.86
TAFBIN_clean, 3094.66
TAFCIO_clean, 2704.54
TAGCIP_clean, 714.857
TAGSEB_clean, 6178.39
TAKYOV_clean, 3075.22
TAMJEY_clean, 3238.43
TANBOZ_clean, 1283.75
TAPHOJ_clean, 2679.28
TAPKAY_clean, 1348.39
TAPXIT01_clean, 1490.94
TAPXIT_clean, 1490.94
TAQGEZ_clean, 1289.58
TARVOX_clean, 1097.71
TARVUD_clean, 1087.06
TARWAK_clean, 1080.75
TARWEO_clean, 1174.25
TASXIW_clean, 3098.68
TATPOV_clean, 7037.11
TATSIS_clean, 1355.1
TAYNEN_clean, 2589.75
TEBCEK_clean, 1179.08
TEBFUD_clean, 1300.31
TEBSAW_clean, 2510.7
TECTUS_clean, 1577.38
TECVEE_clean, 1965.53
TEDGOA_clean, 3312.06
TEDHAN_clean, 5328.29
TEDLUK_clean, 2097.07
TEDSIG_clean, 2279.17
TEHRUU_clean, 2433.68
TEJGEW_clean, 2553.55
TEJGIA01_clean, 2556.9
TEJGIA_clean, 2561.27
TEJLOL_clean, 3245.5
TENLIJ_clean, 3966.15
TEPGUS, 1729.11
TEQPAI_clean, 5803.96
TEQTAM, 2895.89
TEQVAO_manual, 4945.56
TERFIH_clean, 3184.2
TERFUT_clean, 3213.77
TESGOO_clean, 1611.99
TESGUU_clean, 1612.12
TESHAB_clean, 1706.93
TETWOG_clean, 956.09
TETZID_clean, 5928.73
TEVZEA_clean, 1571.76
TEVZIE_clean, 1640.37
TEVZOK_clean, 1564.94
TEVZUQ_clean, 1634.52
TEWFUY01_clean, 3455.62
TEWFUY_clean, 3457.83
TEWGEJ01_clean, 3510.42
TEYLIU_clean, 1698.17
TIFBOA_clean, 1193.63
TIGDOD, 2552.6
TIKMUW_clean, 2296.92
TIQGEG_clean, 1530.72
TIQGIK_clean, 1453.91
TIQHIL_clean, 1841.35
TIRLIQ_clean, 4181.41
TIRRIW_clean, 2178.18
TISGUY_clean, 4016.24
TISKOW_clean, 2912.1
TISLIR_clean, 1861.35
TIVFAG_clean, 1475.83
TIVFEK_clean, 1462.1
TIVFIO_clean, 1446.72
TOHPUC_clean, 3584.11
TOHYUL_clean, 5065.06
TOHZAS_clean, 1400.06
TOKDON_clean, 1785.37
TOLGOR_clean, 5239.47
TONBII_clean, 558.563
TONBOO_clean, 2259.21
TONQOD_clean, 3109.7
TOZHAR_clean, 926.22
TUDJOS, 4974.81
TULLIW, 2823.41
TUMGOX_clean, 1094.52
TUTHOG_clean, 2085.75
TUTJAU_clean, 4072.6
TUTZOX_clean, 3224.7
TUTZUD_clean, 3026.9
TUVDIX_clean, 3260.18
TUVDUJ_clean, 3183.89
TUWPIL_clean, 3133.15
UBACOR_clean, 3020.34
UBACUX_clean, 3563.79
UBIPAY_clean, 882.686
UBOGAV_clean, 1187.94
UBUMAH_clean, 7004.14
UBUROY_clean, 1461.32
UCEXEG_clean, 2796.04
UCEXIK_clean, 2802.38
UCEXOQ_clean, 2777.77
UDANAQ_clean, 1845.98
UDEPIE_clean, 3271.16
UDICAN_clean, 3229.21
UFANEV, 7005.92
UFATEA01_clean, 824.335
UFOFIF_clean, 1236.86
UGAQEY_clean, 5122.29
UGEPEB01_clean, 729.428
UGEPEB_clean, 719.477
UGUGUZ_clean, 2677.39
UGUHEK_clean, 2693.44
UGUQOC_clean, 978.147
UHADAI_clean, 2350.53
UHAXUW_clean, 1981.79
UHISOU_clean, 402.319
UJAQEC_clean, 1383.57
UJAQUS_clean, 3470.03
UJARAZ_clean, 1548.98
UJEDIX_clean, 3660.72
UJIZET_clean, 2041.31
UKAPUS_clean, 1610.92
UKAQIH_clean, 1604.61
UKIQIP_clean, 4425.26
UKUBIM_clean, 3786.06
UKUBOS_clean, 3694.5
UKUBUY_clean, 3650.97
UKUCAF_clean, 3580.3
UKULOB01_clean, 1443.35
UKULOB_clean, 1393.64
UKUMAO01_clean, 1405.49
UKUMAO_clean, 1372.28
UKUPUL_clean, 4757.88
ULOGIL_clean, 645.159
ULUPUM01_clean, 742.061
ULUVUT_clean, 674.83
UMELUU_clean, 1240.92
UMEMAB_clean, 1172.11
UMEXUF_clean, 1761.84
UMORIY_clean, 610.78
UNABUH01_clean, 1481.06
UNABUH_clean, 1491.33
UNACES_clean, 1502.47
UNACIW_clean, 1491.48
UNIGEE_clean, 4222.5
UNIPAJ_clean, 2441.82
UPOVOL_clean, 1117.88
UQUHAQ_clean, 847.262
UQULAU_clean, 3226.44
UTEWOG_clean, 6382.07
UTEWUM_clean, 6652.1
UTEXAT_clean, 4846.52
UTEXIB_clean, 4793.11
UTOTUT01_clean, 1518.78
UTOTUT_clean, 1529.88
UVARIT_clean, 1391.32
UVAROZ_clean, 1387.65
UVARUF_clean, 1366.49
UVASAM_clean, 1393.24
UVEVAT_clean, 3837.39
UVEVEX_clean, 1914.39
UVEWIC01_clean, 1241.66
UVEWIC_clean, 2482.83
UVEXAV_clean, 553.489
UVINAP_clean, 1288.19
UVUPOR_clean, 4118.06
UVUQAE_clean, 4421.21
UWELIS_clean, 2439.06
UWOWAF_clean, 2631.61
UWUTIQ_clean, 4548.95
UXABOL_clean, 1438.26
UXABUR_clean, 1442.38
UXEHIP, 4858.98
UXEQOE_clean, 3576.51
UXUYUI_clean, 1327.71
UXUZAP_clean, 1721.12
UZAFAD_clean, 1545.28
UZANAL_clean, 1901.35
UZANEP_clean, 1931.15
UZATAR_clean, 1067.54
UZIJUJ_clean, 4589.43
UZUNAF01_clean, 1563.08
UZUNAF_clean, 1567.32
UZUNEJ_clean, 1568.77
VACFOV01_clean, 2273.41
VACFOV_clean, 2371.78
VACFUB01_clean, 1304.91
VACFUB_clean, 1306.43
VAGTAA_clean, 839.239
VAGTUU_clean, 5132.81
VAHPUR_clean, 5208.2
VAHSIH_clean, 2065.73
VAHVOR_clean, 2747.85
VAJTUX_clean, 1495.05
VAKBIU_clean, 4567.5
VAPFOJ_clean, 1955.93
VAPFUP_clean, 923.156
VAQLAC_clean, 1322.5
VAQLEG_clean, 3034.06
VARREL_clean, 1319.0
VARRIP_clean, 1301.16
VASKOR_clean, 1296.58
VATXEU_clean, 4053.7
VATYAR_clean, 719.226
VATYEV_clean, 691.379
VAYDOQ_clean, 1592.22
VAZKUE_clean, 1081.1
VAZLAL_clean, 1058.49
VAZLIT_clean, 1029.82
VAZTOG_clean, 4334.49
VECWUX_clean, 3471.6
VEDFAN_clean, 3992.31
VEDFER_clean, 3914.87
VEDFIV_clean, 3879.22
VEDFOB_clean, 3946.37
VEDGAO_clean, 3859.32
VEDVUW_clean, 1340.9
VEFLUP_clean, 836.729
VEGXIQ01_clean, 3749.78
VEGXIQ_clean, 3815.56
VEGXUC_clean, 3638.27
VEHKAW_clean, 1858.27
VEHPUU_clean, 1642.11
VEHRIL_clean, 3856.1
VEJYIT01_clean, 5753.94
VEJYIT_clean, 5706.62
VEJYUF01_clean, 4373.32
VEJYUF02_clean, 4253.19
VEMMAC_clean, 1567.27
VEMMEG_clean, 1630.46
VEMTAJ01_clean, 3797.88
VEQBID_clean, 3871.53
VETTOE_clean, 2127.38
VEXVAW_clean, 4876.38
VICDOC_clean, 2134.03
VICYUD_clean, 3927.96
VIDXOX_clean, 1398.72
VIFBOD_clean, 1342.23
VIFBUJ_clean, 2254.14
VIGNOQ_clean, 3504.44
VILXOE_clean, 1289.9
VIPXUO_clean, 2056.76
VIPYOK_clean, 1672.95
VIPZAX_clean, 1846.37
VIRPOC_clean, 4005.61
VIRVEY_clean, 4440.47
VISTOG_clean, 1719.35
VISTUM_clean, 1098.62
VIXCUB_clean, 3530.42
VIZQEC_clean, 5764.43
VIZRIH_clean, 5008.58
VOCKUT_clean, 1462.4
VOCXUH_clean, 2742.05
VODPOU_clean, 5385.17
VODQIP_clean, 3818.95
VODSEM_clean, 2273.24
VONBIK_clean, 5154.14
VONBUW_clean, 3195.01
VOTMAS_clean, 1800.37
VOYWUB_clean, 1148.3
VUDQOB_clean, 2798.87
VUHJAK_clean, 3144.68
VULKIX_clean, 1687.52
VULKOD_clean, 3954.85
VUNCAJ_clean, 1200.24
VUQJUN01_clean, 4959.46
VUQJUN_clean, 4959.46
VUQKAU02_clean, 2846.73
VUQKAU_clean, 2919.42
VUQKOI_clean, 3170.02
VUQKUO_clean, 5668.18
VURYIR_clean, 1392.92
VURYOX_clean, 1593.97
VUSJUP_clean, 4193.89
VUSKAW_clean, 4299.69
VUSKEA_clean, 4299.69
WABTOK_clean, 1188.64
WAFKAQ_clean, 2183.49
WAGZEL_clean, 1655.44
WAHMEY01_clean_h, 1514.25
WAHMUP_clean, 1107.12
WAHREE_clean, 2667.01
WAJHIA_clean, 2988.6
WAJHOG, 2983.34
WAJJAU, 3011.16
WALBOC01_clean, 3011.98
WALBOC02_clean, 3006.54
WALBOC_clean, 3002.22
WALCET_clean, 3021.87
WALCIX, 2988.35
WAMRIN01_clean, 5830.73
WAMRIN02_clean, 2851.57
WANJIF_clean, 1566.29
WARWOC_clean, 1091.76
WASNIO_clean, 1867.12
WASNOU_clean, 2432.0
WASTUG_clean, 5415.92
WASVES_clean, 3774.45
WAVWEW_clean, 1209.01
WAYMEQ_clean, 705.404
WAYMIU_clean, 706.168
WAYMOA_clean, 723.721
WAZQUL_clean, 2808.83
WAZRAS_clean, 2856.43
WEBKOD_clean, 2466.97
WEBKOF_clean, 4466.72
WEBREC_clean, 2672.88
WECFAN01_clean, 1727.64
WECFAN_clean, 1899.42
WECJAR_clean, 1865.41
WEDQED_clean, 2760.37
WEDWUZ_clean, 2761.08
WEFXEM_clean, 1968.85
WEFXIQ_clean, 1993.59
WEJSAH_clean, 2329.26
WEMBUN_clean, 1335.2
WEMCAU_clean, 1321.33
WEMCEY_clean, 3383.91
WEMCOI_clean, 3328.75
WEMDAV_clean, 3268.74
WEMDID_clean, 1415.25
WEMDOJ_clean, 1392.8
WEMFAX_clean, 1372.13
WEMFIF_clean, 1349.17
WEMFOL_clean, 1343.6
WEMGAY, 2145.55
WEMHED_clean, 3171.43
WEMNAF_clean, 1249.15
WEMXIX, 3579.38
WENDIE_clean, 1194.61
WENKEH_clean, 2986.16
WENLAE_manual, 2882.59
WERKUZ_clean, 1576.09
WEVQOD_clean, 2845.29
WEWGAH_clean, 683.943
WEWTOI_clean, 908.83
WEXNIW_clean, 544.367
WEYMIY_clean, 916.559
WEZCIO_clean, 3080.97
WICGEV_clean, 1792.12
WICQIJ_clean, 4506.33
WIDZOA_clean, 2159.78
WIDZUG_clean, 1985.59
WIFBAQ_clean, 2436.28
WIFGOJ_clean, 4616.84
WIHCUM_clean, 699.582
WIHVAL_clean, 1792.21
WIHVEP_clean, 1794.37
WIJDAV_clean, 2783.65
WIJDID_clean, 1045.12
WIWHUG_clean, 1308.71
WIYFAM_clean, 3421.5
WIYZOU_clean, 2201.0
WOCVUG01_clean, 1272.24
WOCVUG_clean, 1279.01
WOCWAN_clean, 1382.42
WODFOL_clean, 1180.6
WOGHEG_clean, 999.136
WOGLAG_clean, 1889.86
WOHBIF_clean, 1268.99
WOHBOL_clean, 1395.4
WOHDON_clean, 1733.27
WOHSIV_clean, 3649.28
WOHZAU01_clean, 1305.39
WOHZAU_clean, 1307.12
WOJJOV_clean, 2942.95
WOLMUG_clean, 6020.82
WOLRIZ_clean, 3532.05
WONZOP_clean, 2892.21
WONZUV_clean, 3672.37
WOPDEL_clean, 2511.17
WOWGEU_clean, 488.889
WUCRUH_clean, 580.418
WUDNAK_clean, 1388.7
WUHJIT_clean, 4298.71
WUNSEE01_clean, 5454.02
WUNSEE02_clean, 5380.11
WUNSEE_clean, 5451.76
WUNSII01_clean, 5480.59
WUNSII02_clean, 5457.35
WUNSII_clean, 5445.09
WUNTAB_clean, 5455.05
WUNVIL_clean, 5420.79
WUPNIF_clean, 1794.4
WUTBES_clean, 2345.18
WUTBIW_clean, 2282.0
WUWQEL_clean, 1373.92
WUZRUE_clean, 2816.77
XACZEH_clean, 4052.9
XADCOW_manual, 2705.17
XADDEN_clean, 4587.66
XADDIR_clean, 4596.23
XADDUD_clean, 5223.02
XADFAL_clean, 1281.05
XADFEP_clean, 1314.28
XADGAM_clean, 2552.86
XAFNOH_clean, 1825.38
XAFXOT_clean, 846.273
XAJQAC_clean, 3528.22
XAKQIL_clean, 3884.07
XAKQOR_clean, 2903.46
XAKVIP_clean, 2986.52
XALTEK_clean, 1550.22
XALTOV_clean, 2565.52
XAMDUM01_clean, 4552.04
XAMDUM03_clean, 4525.3
XAMDUM04_clean, 4367.04
XAMDUM05_clean, 4487.09
XAMDUM06_clean, 4548.66
XAMDUM07_clean, 4592.98
XAMDUM_clean, 4566.96
XAMHEA_manual, 5076.5
XAMLUS_clean, 1413.31
XANMIJ_clean, 1239.5
XAPSOY_clean, 1899.85
XAPTUE_clean, 1826.21
XAPYAO_clean, 4488.82
XAQMOS_clean, 1294.73
XASFAY_clean, 2892.01
XAVDEF_clean_h, 4627.56
XAVQIU01_clean, 1680.02
XAVQIU_clean, 1692.33
XAWVUN_clean, 5091.17
XAWZOM_clean, 3419.72
XAXQEU_clean, 580.886
XEBHOC_clean, 5081.9
XECBUD_clean, 1364.93
XECJUK_clean, 573.706
XEDLUN_clean, 2430.19
XEDPIH_clean, 1965.46
XEDPON_clean, 1079.5
XEGJOK_clean, 4906.64
XEGKEB_clean, 4947.34
XEGKIF_clean, 4478.5
XEGKOL_clean, 5313.76
XEGKUR_clean, 5055.95
XEHFUL01_clean, 553.988
XEHFUL02_clean, 553.988
XEHFUL_clean, 554.731
XEHSAF_clean, 1637.18
XEHSEJ_clean, 1707.24
XEHSIN_clean, 1616.92
XEHSOT_clean, 1611.58
XEHSUZ_clean, 1640.95
XEHTUB_clean, 715.781
XEJJIG_clean, 699.696
XEJJOM_clean, 692.776
XEJTIR_clean, 3104.38
XEJWUG_clean, 1144.6
XEJXAN_clean, 1131.2
XEJXER_clean, 2400.81
XEKCAT01_clean, 3476.67
XENKIM_clean, 5418.27
XENMIO_clean, 1207.01
XENMOU_clean, 1219.33
XEQGEH_clean, 3946.64
XEQLEM_clean, 1378.0
XEQRAO_clean, 1281.22
XEXLAP_clean, 2581.14
XEXLIX_clean, 2278.31
XEXLOD_clean, 2401.85
XEXLUJ_clean, 2521.45
XEXMEU_clean, 2681.05
XEXNEV_clean, 2556.58
XEZPUP_clean, 2607.39
XIBZUF_clean, 6178.47
XIDBUJ_clean, 2338.56
XIHRIQ_clean, 1908.41
XIHSAJ_clean, 2682.93
XIHSEN01_clean, 2508.39
XIHSEN_clean, 2494.26
XIHXAP_clean, 2980.99
XIHXET_clean, 2720.57
XILDUT_clean, 2816.83
XILVEV_clean, 2121.62
XILVIZ_clean, 2721.16
XIMPOA_clean, 3815.13
XINFUW_clean, 3625.16
XINHOT_clean, 2166.2
XINJAH_clean, 1982.77
XINRAP_clean, 2476.64
XINWUO_clean, 1783.73
XIPBII_clean, 3150.54
XIPTAS_clean, 1116.27
XIPTEW_clean, 1085.75
XIPTIA_clean, 1095.03
XISVUR_clean, 4443.78
XOBXIW_clean, 1565.15
XOFTIW_clean, 3189.07
XOFTOC_clean, 3157.23
XOHFIK_clean, 1777.9
XOHJUA_clean, 1690.0
XOHLEM01_clean, 1715.83
XOHLEM_clean, 1715.83
XOJCUV_clean, 3583.09
XOJWEZ_clean, 784.546
XOKHAH_clean, 5124.39
XOKHIP_clean, 5046.76
XOLYUS_clean, 1752.95
XOMCIL_clean, 274.337
XOMJUE_clean, 5416.92
XOPLOE_clean, 4285.31
XOPVII_clean, 1308.29
XOQXEH_clean, 3189.76
XOVPIH_clean, 783.468
XOVPON_clean, 916.905
XOVVEK_clean, 1582.29
XOVVIO_clean, 1594.92
XOVVOU_clean, 2300.11
XOVXAI_clean, 1914.83
XOVXEM_clean, 2035.77
XOVYIR_clean, 1968.78
XOVYUD_clean, 2969.97
XUCNOZ_clean, 4273.65
XUGSEY_clean, 3616.54
XUJCUB_clean, 377.381
XULCIR_clean, 3393.26
XUMFIV_clean, 1626.76
XUMTUV_clean, 2534.54
XUMVAD_clean, 2546.95
XUMVEH_clean, 2662.53
XUNGOD_clean, 828.955
XUNGUJ_clean, 827.312
XUNHAQ_clean, 847.701
XUVHEB_clean, 6616.02
XUWVEQ_clean, 515.157
XUYDIF_clean, 1294.77
XUYXAR_clean, 2695.58
XUZDUS_clean, 5871.41
YACHOB_clean, 1446.05
YACHUH_clean, 1428.38
YADMIB_clean, 1437.75
YAFDAM_clean, 1433.92
YAFGAP_clean, 572.396
YANBAR01_clean, 1630.88
YANBAR02_clean, 1714.61
YAPYUK_clean, 1190.52
YAQDIF_clean, 3743.63
YAQZUN_clean, 1628.16
YARDIG_clean, 1487.07
YARFII, 2989.64
YARGAB_clean, 3472.09
YARKAF_clean, 3743.76
YARKEJ_clean, 2288.9
YARSAN_clean, 3947.63
YARYEV_clean, 1073.44
YARYOF_clean, 1053.82
YASLUA_clean, 1897.54
YASNAJ_clean, 3275.78
YASPEP_clean, 2256.5
YAXBOP_clean, 696.466
YAYLER_clean, 1573.55
YAYLIV_clean, 1931.97
YAZFOW_clean, 1492.7
YAZWOM_clean, 1903.48
YAZYEF_clean, 1319.84
YAZZEG_clean, 1311.79
YECQUS02_clean, 1925.19
YEGCUJ_clean, 4314.19
YEGDAR_clean, 3212.81
YEGKOM_clean, 1363.97
YEGTAG_clean, 692.823
YEGTEK_clean, 3530.9
YEGYIU_clean, 971.87
YEKXET_clean, 5195.29
YELYOE_clean, 3592.73
YEMJAC_clean, 1541.69
YEQRER_clean, 2320.94
YERJEL_clean, 2300.49
YEWWUU_clean, 1232.96
YEYBOV_clean, 1694.78
YEYFEP_clean, 4101.17
YEZFIU_clean, 2352.24
YEZKEV_clean, 2306.91
YEZKIZ_clean, 2261.87
YEZKOF_clean, 2351.86
YICGOI_clean, 4164.61
YICREI_clean, 1338.66
YICTUZ_clean, 1135.98
YIKLUZ_clean, 1628.15
YILJAG_clean, 3449.39
YISFEL_clean, 944.297
YIWLEV_clean, 702.686
YIWLOF_clean, 690.454
YIWMEW_clean, 1314.28
YIWMIA_clean, 2694.74
YIWPEZ_clean, 1370.1
YOPMAS_clean, 1987.32
YUBFOR_clean, 1342.99
YUCNEQ_clean, 404.431
YUGLES_clean, 3311.8
YUGZEG_clean, 770.812
YUJNIB_clean, 2875.78
YUJNOH_clean, 1494.0
YUKBIP01_clean, 1447.02
YUKKAR_clean, 1028.14
YUPSIM_clean, 3786.7
YURJUR_clean, 5427.06
YURKAY_clean, 4767.64
YUSGID_clean, 1551.9
YUVSUE, 5426.25
YUWHOO_clean, 1202.66
YUWKEH_clean, 3150.56
YUWKIL_clean, 3074.7
YUXQOY_clean, 3379.87
ZADDAJ_clean, 765.659
ZARZAV_clean, 2436.57
ZASJAG_clean, 1395.7
ZASTUK_clean, 1771.29
ZAVMIU_clean, 2950.3
ZAVPIX_clean, 2508.17
ZAZBUZ_clean, 645.814
ZEBMAW_clean, 4198.77
ZECKOJ_clean, 1994.71
ZEDHIB_clean, 3599.71
ZEDQOQ_clean, 3061.91
ZEDRAD_clean, 724.091
ZEDROR_clean, 3539.08
ZEFVEN_clean, 2390.67
ZEFVOX_clean, 2407.21
ZEJCUO_clean, 1085.0
ZEKRIS_clean, 1226.11
ZEKROY, 4177.22
ZERNAN_clean, 2050.23
ZERNOB_clean, 2065.04
ZERNUH_clean, 2091.37
ZERQOE_clean, 1461.18
ZESFUY_clean, 997.05
ZETPUL_clean, 3984.08
ZETQIA_clean, 4154.53
ZEXKUK_clean, 1420.41
ZEZPUR_clean, 1387.18
ZEZQEC_clean, 1383.87
ZIBGIC_clean, 2445.21
ZIDDIB_clean, 5037.79
ZIDVAL_clean, 3566.32
ZIF-1, 2195.87
ZIF-2, 5706.62
ZIF-3, 6024.13
ZIF-4, 4342.2
ZIF-5, 5296.39
ZIF-6, 6940.09
ZIF-7, 2404.85
ZIF-77, 3096.21
ZIF-8, 4905.2
ZIF-9, 2392.95
ZIF-90, 5152.17
ZIGFEC_clean, 4740.0
ZIGWUJ_clean, 3820.18
ZIHTEP_clean, 1283.98
ZIJVOF01_clean, 2186.52
ZIJVOF02_clean, 2185.47
ZIKJIO_clean, 2428.25
ZIKJOU_clean, 1960.43
ZILBAZ_clean, 2268.94
ZILBED_clean, 3173.63
ZIMJOW_clean, 1680.28
ZISYAD_clean, 2601.57
Zn-DOBDC, 1327.16
ZnBDC, 1261.93
ZnBDCdabco, 1147.61
ZNGLUD01_clean, 829.761
ZNGLUD_clean, 845.325
ZnHBDC, 2134.76
ZnMOF-74, 1373.18
ZURQOS_clean, 520.415
